Age,Dependents,Income,LoanAmount,CurrentBalance,PreviousBalance,CreditHistory,MaritalStatus,Period,CreditScore
24.0,2.0,67283.03441411877,44343.16925134777,18146.621838270796,29370.590545573643,Bad,Divorced,12.0,448
61.0,4.0,122776.01876640816,38955.941188279656,,27413.861337834103,Bad,Divorced,60.0,431
51.0,1.0,,39763.68122606425,7908.885833050055,18946.639608213183,Good,Single,24.0,635
64.0,2.0,119885.76803685281,20517.9825957979,4314.153252109365,29156.996466399116,Average,Married,36.0,620
48.0,4.0,121301.22020612964,36334.88423779377,,4365.938548148538,Good,Single,60.0,624
36.0,1.0,93374.69930841534,3856.7783423950455,18297.250106613763,26562.450580016808,Bad,Married,48.0,462
44.0,5.0,51159.999047850644,15112.977239152668,3404.400887357756,8891.159414824046,Average,Single,,408
59.0,5.0,131258.46163253393,31081.094894339305,19205.612480695734,13807.881177268868,Average,Single,,577
54.0,2.0,42586.399166687595,38378.933583389015,,13393.527070921898,Bad,Single,,423
44.0,5.0,61719.757200047214,28075.579228748134,,17244.51651144068,Average,Divorced,36.0,428
51.0,0.0,85308.51560482511,1364.303257520868,6535.058022643134,14074.076141772302,Average,Married,12.0,596
24.0,2.0,141253.7051564018,4156.949999935672,,16016.389227704789,Average,,36.0,546
69.0,4.0,125956.2091961487,,10554.760099078037,,Bad,Married,12.0,542
29.0,,,49526.82713581546,9114.877878113379,7619.201012885764,Average,Married,,658
64.0,0.0,72315.14049972064,16245.911006813074,,,Good,Divorced,60.0,558
40.0,4.0,,36097.19514672806,12061.953299650888,23714.45189017783,Good,Divorced,24.0,602
41.0,1.0,77830.3100404347,28464.13505473968,22186.13724770971,13504.297343529986,Bad,Divorced,48.0,420
30.0,1.0,96419.04450506972,19036.72821101576,24742.65467378607,4287.222516235921,Good,Married,48.0,656
70.0,5.0,50280.3359303583,18378.191534225738,20823.436101956842,25745.053398132855,Bad,,12.0,313
48.0,,,32471.29421515351,16621.62741914053,24916.74645441057,Bad,,12.0,382
32.0,2.0,82560.29482850284,1921.308012343643,17942.26609278656,24983.073303948546,Good,Single,60.0,543
,0.0,93748.18253468507,31674.16695646794,3581.3421278273026,,Bad,Married,24.0,558
48.0,2.0,66936.26684143906,24259.237493956734,832.5309517464963,1923.4724817328363,Bad,Single,48.0,417
35.0,3.0,113369.65336987773,11191.298975844162,22210.96142199935,,Average,Single,48.0,533
23.0,3.0,87107.52496413884,23826.56319830158,1432.9216921261157,8831.552363780951,Good,Divorced,,563
54.0,1.0,74188.89783241748,27189.270341185686,3516.4143050233356,2532.1098179996347,,Divorced,48.0,573
27.0,4.0,39457.27647672652,13490.271595509575,5475.115599742267,6727.467915946958,Good,Married,36.0,519
52.0,4.0,132896.2335123593,24797.689166451237,22418.43210622983,2928.1307752151943,Good,Divorced,36.0,596
38.0,5.0,54987.773668974274,17031.70543820202,6667.161588914003,25079.715380999085,Average,Divorced,12.0,417
28.0,,97064.2196118678,8283.296569698043,13362.36225070799,,Bad,Single,36.0,475
53.0,,110785.62228740039,35918.1627405168,14063.082508496433,16121.515900929646,Good,Married,12.0,699
28.0,0.0,,,,5319.975284026779,Bad,Married,48.0,517
39.0,4.0,140548.94537707255,20079.64065689652,,17960.077473066587,Average,Single,24.0,587
58.0,3.0,47856.757437260356,,11930.659599962331,17256.24463033123,,Married,36.0,542
32.0,3.0,,19182.517676012732,1980.321711777072,,Average,Divorced,12.0,486
24.0,2.0,21263.23084676766,37149.21178116451,8758.83754653977,198.3316522952916,Average,Divorced,36.0,452
37.0,2.0,78337.38219812122,2007.0838950986836,,12326.908163092075,Bad,Single,36.0,398
44.0,5.0,,,5216.743115518033,22334.026746218606,Bad,Divorced,12.0,400
59.0,,120748.53652667312,45273.223975032284,18761.54443937107,29654.31160984392,Good,Single,12.0,761
31.0,,,7962.179681338288,9668.457589060989,8085.034277955902,Good,Single,,598
,0.0,66095.91311457769,17492.47123688369,7957.339256086499,20447.359912695927,Bad,Divorced,,413
26.0,4.0,147045.1868485128,19559.522973044746,,12781.218079717968,Bad,Married,24.0,525
26.0,,,32705.18263162857,10825.58051759626,1583.2669013502664,Average,Divorced,12.0,504
,,83480.45756012812,32637.84754841891,24115.195654142353,21426.737791194708,Bad,Married,36.0,536
20.0,1.0,,25801.52116563901,,24136.828220805914,Good,Single,12.0,680
,0.0,53517.79292395818,26394.88292958262,5857.190524361461,,Average,Divorced,24.0,524
47.0,5.0,110491.15406512153,34122.65193507227,18534.943966393123,16552.40102894779,Bad,Single,36.0,445
53.0,2.0,81177.01974393553,8562.671215143804,,6184.08046471899,Bad,Divorced,24.0,385
56.0,3.0,140260.60013688722,34047.6201632034,5540.737971737394,20787.59361400559,Average,,60.0,565
68.0,1.0,61084.935967886915,32969.70069011717,21179.935999474474,25584.01442866777,Bad,,36.0,487
42.0,5.0,63429.95238469557,9114.765428552335,20002.068266141312,,Average,Divorced,48.0,382
69.0,5.0,,,,27257.812173068967,,Married,60.0,342
,2.0,81028.1736578307,49864.819730980824,12552.797073325997,10055.003698528948,Good,Divorced,12.0,637
20.0,5.0,51398.647081063806,24905.151287951165,12448.647515975688,3230.271852930837,Bad,Divorced,36.0,308
53.0,5.0,,17544.736332001776,2213.732501427221,7465.376964231017,Good,Married,,588
49.0,,54337.37364631311,11493.060631962871,,3520.6131869814726,Average,Married,24.0,565
18.0,2.0,51559.38698175848,40925.426678472315,13432.552052245403,3944.972994892855,Good,Single,48.0,590
68.0,3.0,98948.66509527892,,21723.937233795805,,Bad,,24.0,490
48.0,,,34404.028496806866,,18323.658628137593,Average,,48.0,566
65.0,0.0,114977.32885591488,18284.1079186163,13420.588818884482,6258.910296063398,Average,Divorced,12.0,599
51.0,3.0,97886.29310148799,16221.88225444361,,,Good,Single,36.0,592
57.0,,45709.199226869176,33308.80553729917,20532.770502651183,20261.907546810293,Average,Divorced,12.0,497
54.0,4.0,44508.291339128235,26249.0508596073,,,Bad,Divorced,48.0,311
29.0,1.0,,46893.53893965142,12366.039973372162,23684.328834338514,Average,Married,36.0,703
21.0,5.0,114929.51321622962,41957.14047996119,24664.66296435491,2429.481857146366,Bad,Divorced,24.0,437
,1.0,76515.21655040485,40176.883442415885,,2032.9801906094115,Average,Single,60.0,572
69.0,2.0,56937.276866000044,30609.178383085968,17921.888942119942,1577.1082101911504,Average,Married,,547
41.0,2.0,78657.65109779386,46580.266434787365,20460.799170109654,14767.320073368504,Good,Married,60.0,658
61.0,,22455.10229459212,6351.7948390031215,24283.881664257202,15709.313293928351,Average,Divorced,24.0,422
22.0,1.0,148992.1700949998,21224.888565140038,14568.450430099372,,Bad,Single,60.0,531
60.0,2.0,121696.762042132,31309.181903979876,20573.084032256542,12464.677802784196,Good,Divorced,60.0,614
30.0,4.0,52468.02486577304,49917.67279622375,5716.5718117418055,10096.366679331579,Good,Divorced,60.0,519
23.0,4.0,65388.696770611314,40667.42729155632,,292.1328060226902,Bad,Single,,418
63.0,0.0,,10869.466893868326,23322.565668788604,,Bad,Single,48.0,500
,,35409.03518651207,33169.5480961963,10567.471456442949,15429.865617054385,Bad,Divorced,12.0,423
29.0,2.0,43024.30886527919,,,11935.868127098716,Good,Single,48.0,595
19.0,2.0,,43690.59430452411,1764.395004125724,27714.393639907237,Good,Single,12.0,744
33.0,2.0,42353.8714221276,44453.63812395808,23423.80414117223,14281.087209098047,Average,Divorced,60.0,475
47.0,,77211.34044122748,48786.242193331265,15675.681294204724,22565.158634655374,Good,Single,24.0,660
58.0,3.0,,46570.26143648479,24641.617429101832,15448.682312248213,Bad,Divorced,12.0,402
20.0,5.0,122315.36149449102,36006.49422073874,13235.802088359733,4967.606010881679,Bad,Married,,515
21.0,1.0,41875.40894846119,34426.348963381526,1665.337875426362,4407.394561116424,Good,Divorced,,564
34.0,0.0,,13423.362237426672,1295.9027415748003,4531.074455500406,Bad,Single,,421
55.0,1.0,68421.53870570107,12717.406744162603,16680.197108560984,20329.86177067565,Bad,Married,36.0,456
62.0,2.0,126757.19729305721,49993.593471274304,23292.72138799516,26047.93782588969,Good,Divorced,36.0,678
31.0,4.0,148826.40694048168,44160.38958521373,,25074.29379669096,Good,Single,24.0,706
38.0,2.0,65556.43220609019,48162.08188706991,,10668.742923278924,Good,Single,24.0,643
56.0,0.0,34252.26199673503,37761.11564048336,11705.147144397219,20446.454062525212,Average,,,591
58.0,1.0,94656.57820057946,49066.43042951212,3449.3484032191213,21340.02857020576,Bad,Married,,584
31.0,2.0,109081.4570447744,12299.98472598047,5382.794419725726,10371.93958950399,Average,,,570
42.0,4.0,106417.37722062999,29841.35985489617,,1009.3968624632311,Bad,Single,36.0,451
38.0,5.0,70966.47494695772,35295.51406331959,10921.839955305599,23818.217048342223,Average,Single,,515
55.0,3.0,123929.89012706849,39064.465655906955,5186.3520425678935,18850.730491677998,Bad,Married,48.0,533
67.0,4.0,,,5834.570597191616,8448.425310153461,Good,Single,,630
47.0,,105898.1308093381,34681.95182648358,,11415.471757735831,Good,Divorced,60.0,600
48.0,2.0,51189.292392781674,46040.4802678227,18904.758202056128,12166.596547120018,Good,Single,24.0,620
,0.0,99647.4319773412,24387.954262227104,21652.29359212389,24902.592398000623,Average,Married,48.0,631
69.0,1.0,149131.75925077227,45295.559003556395,15929.132854578771,15370.446405163784,Average,Divorced,36.0,659
47.0,4.0,40718.823358263995,18203.73390709103,,27200.07075884576,Bad,Divorced,12.0,320
23.0,0.0,45248.91342525258,45268.58816506486,12259.396661255798,21255.910108633405,Average,Married,36.0,610
30.0,1.0,48189.1726042933,2145.380789642538,22323.80586558802,18206.75418332983,Good,Single,24.0,548
41.0,,22885.175395116734,33185.12777128678,,14561.35586442362,Average,Divorced,60.0,366
46.0,,73700.27237045148,9391.129215726482,4252.366097885005,7229.582723578474,Bad,Married,,387
51.0,,48613.84686370572,5809.465059663745,163.52675914870218,10015.883125264692,Bad,Married,60.0,356
44.0,4.0,142321.59115810756,49358.06562343892,,13975.892714256137,Average,Divorced,24.0,608
25.0,3.0,65882.73410361155,,5194.637385854234,5481.332472776406,Average,Divorced,48.0,442
30.0,3.0,56516.87352928351,21096.25320313002,8713.22214705969,11423.22086591055,Good,Single,36.0,547
30.0,4.0,,30044.31587216205,,14063.051243325792,Bad,Single,60.0,362
37.0,4.0,110101.34214486682,11915.381712194534,11863.39655644638,28096.609744466958,Average,Divorced,12.0,500
35.0,,124037.47840449322,15260.621516804216,2738.330974182515,11926.715888452398,Good,Single,48.0,655
29.0,0.0,101067.7403312839,24633.345140573263,7851.7582926142995,,Good,,,694
28.0,3.0,132768.30843483924,21070.48559368036,22324.644605305348,5933.554771536249,Bad,,,509
18.0,3.0,,17430.879359654773,2880.155085217023,24980.755212365682,,,60.0,360
53.0,1.0,34664.91346774037,8486.617129258568,8187.839733864924,,Bad,Married,24.0,413
34.0,3.0,39366.46447887282,6849.902859574337,,27147.534738528433,Good,Divorced,48.0,446
54.0,5.0,134702.6272345262,21506.120752809464,,6329.6396026131115,Bad,Married,,462
57.0,,,41550.24099489561,12143.407218021077,17355.305101285245,Average,Divorced,12.0,564
48.0,1.0,60325.89561466336,,7359.680667278357,10127.30165475008,Good,,48.0,614
61.0,,,3429.3786413357016,7699.157552710381,1057.892604978724,Good,Divorced,36.0,605
,3.0,74765.39965529143,46555.32323186795,2209.3711884382055,5872.285633936506,Bad,Single,48.0,452
52.0,4.0,137355.59400387417,20431.353515876617,1993.6296406336319,6535.84348790807,Good,Single,36.0,634
20.0,,,45481.68304048183,,,Good,Divorced,12.0,544
52.0,,44495.52695512537,14570.752232208994,17185.60998967517,15859.757992845449,Bad,Single,48.0,308
32.0,2.0,77542.15878352232,,4914.012642186857,16043.328014014398,Average,Married,24.0,615
31.0,0.0,127921.67264742922,,,22068.105431709722,Good,Married,48.0,726
32.0,1.0,,21840.681743347504,3168.2232697092304,13144.66544511144,Good,Single,60.0,656
22.0,5.0,21660.095621393386,46451.12335258786,10012.100584306098,,Bad,,24.0,361
55.0,1.0,96551.2169681969,15863.901484728365,18886.062892979084,23755.24408878261,Good,Divorced,,580
41.0,4.0,82220.55280695914,16659.215694192215,13565.189666975142,15613.129375434082,Average,Divorced,,472
41.0,1.0,76805.05197909276,47658.934940905885,19515.42439569818,,Bad,Single,,527
54.0,2.0,149475.22138888808,33507.49409102737,7824.978167852087,27986.599615822524,Good,,12.0,696
64.0,4.0,142944.54228595027,35795.61602711011,1250.1952953729744,19081.637083211393,Good,Divorced,24.0,642
23.0,,,49025.35269454443,11005.913444064756,24100.013997424867,,Single,24.0,579
69.0,,102925.94797977715,45018.79909100165,,28004.309119020145,,,24.0,547
70.0,5.0,138993.35693143719,47360.60392913222,12276.50723090762,11258.15071557477,Bad,Divorced,24.0,480
57.0,2.0,70896.27905512211,33447.44541273955,14683.433242291627,2739.65336737649,Average,Single,48.0,541
70.0,0.0,,31382.328928030358,4963.327508676826,7137.51365237115,Average,Divorced,,493
50.0,2.0,148828.5725345675,48362.82945314129,1810.2166907229212,17775.043371991633,Good,Single,48.0,735
55.0,,25013.2923181071,10204.404614880219,12387.943124454936,,Good,Married,24.0,503
66.0,4.0,142573.80264183893,8856.412066401985,7196.874166569886,9109.327898313913,,,36.0,457
59.0,,34579.762834675435,47554.09431092813,8293.11156535398,405.10141334327176,Good,Divorced,60.0,471
66.0,3.0,97593.76698524682,29806.222656573987,264.3658390329734,26938.785616955785,Average,,24.0,599
37.0,4.0,38691.81073401036,24637.198177329046,24260.875340024842,,Good,Divorced,,460
19.0,4.0,28971.061729860434,4739.712254982302,,18590.708122707885,Average,Married,12.0,448
69.0,2.0,20062.785390686644,23177.495518082407,10834.736157081474,6121.7709298472755,Bad,,36.0,323
23.0,4.0,92433.7192961339,36105.47769265179,11370.86680505618,11758.778336456135,Good,Single,48.0,595
63.0,2.0,35273.2090632376,22176.011861343042,6302.19212256711,,Average,Single,,471
58.0,4.0,87171.20947770448,7625.1283525624,23687.17792143804,29588.145007193998,Good,Married,36.0,571
27.0,,67295.99228849036,49625.184800505456,2992.941325674106,445.31786238744206,Good,Single,,658
32.0,,,,14546.62806186012,28304.321995749233,Good,,,658
69.0,1.0,42030.184974016796,,19329.587232434493,28265.26800085026,Average,Divorced,36.0,494
53.0,4.0,94161.84640835953,48452.42924136206,10268.017862178993,16075.134248045735,Average,Divorced,48.0,522
49.0,1.0,47754.04231700393,13919.382866457276,16517.039307349947,13880.803435204176,Average,Married,48.0,521
,0.0,58834.21988788793,14801.000337672618,21779.755375335604,20424.104396693216,Good,Married,,638
38.0,1.0,44665.558374567845,28581.397301686582,10538.524437842734,15501.43298988977,Good,Single,60.0,566
66.0,4.0,90561.45510318245,13359.51715418961,,2496.8834122404883,Bad,,12.0,417
,3.0,60983.8253062917,39376.90757073652,,4990.403626809589,Good,Single,36.0,590
,4.0,93231.22527356516,32866.81081729673,8090.552234946916,,Good,Married,36.0,630
37.0,3.0,113736.22937978792,20492.994708233116,10728.554648573108,5513.658115294266,Average,Married,12.0,612
43.0,,135864.0311183856,27694.66923681185,13517.24894296204,508.323533107059,Bad,Single,60.0,446
19.0,3.0,38522.45251730259,26088.28512139759,8895.684385755634,21185.000667848,Average,Divorced,12.0,453
61.0,0.0,68409.80657815034,3926.1131090618724,14314.217816776134,131.8253538004799,Bad,Married,48.0,449
57.0,1.0,101122.9392521215,38798.45766516661,19997.88172058357,9069.774192491852,Average,Divorced,36.0,582
53.0,4.0,26294.76068756778,25221.228075714618,19875.818865816487,6935.270915900982,,Single,36.0,435
57.0,5.0,21272.902212818626,,19689.321394671304,22565.153444188447,Good,Divorced,,419
68.0,0.0,22977.105689790078,2502.0712347318604,18513.944404425896,13366.644376374255,,Single,24.0,475
22.0,5.0,101439.6333681407,,14282.446877702612,1036.5787388453696,Average,Married,36.0,563
35.0,3.0,85039.0678171255,36157.51574222085,,29762.85139387952,,Divorced,24.0,425
34.0,,,5146.119035918279,18335.977263403794,631.4453478316495,Good,,60.0,528
43.0,1.0,55093.498767854755,44058.793172961836,22549.70546010788,6746.608803794281,,Married,12.0,681
24.0,,137862.81121216138,,15346.84229434169,29783.930247771186,Average,Divorced,,575
22.0,0.0,78830.40324021174,36646.21291970651,20861.442793169866,15225.2088849475,,Divorced,60.0,548
55.0,,94893.99348177669,25828.756680941333,7135.290574417369,20594.356608626804,Average,,48.0,528
,4.0,72933.80380395011,48793.30915045694,16843.541850616224,23932.75433467519,Bad,Divorced,48.0,394
36.0,3.0,37116.54449544633,13413.491988373027,23790.21349204296,,Average,Single,,466
,1.0,82882.20196191661,3566.1651100484855,6706.326374951885,24740.432684192256,Average,,48.0,517
43.0,2.0,22774.280907518703,6068.13078450651,5574.800845075517,3583.4078886989287,Average,Married,12.0,482
,,34584.3168782614,,5915.638031507603,16636.995797027495,Average,,60.0,381
58.0,5.0,56348.817500849924,,7259.021609355248,14106.916068969625,Average,Divorced,48.0,373
59.0,5.0,144233.68826493746,18167.117812395423,23253.575874432405,18818.94740607789,Good,Divorced,12.0,598
40.0,2.0,69518.44322616281,6306.381032692585,7293.856163595297,7286.525650629461,Good,Single,24.0,565
59.0,2.0,45086.766954471364,,,14116.240756232348,Bad,Divorced,36.0,340
,5.0,137451.25175999413,23670.640887750906,8517.491630458015,14400.871909622001,Bad,Single,,450
21.0,1.0,84113.78698714722,36491.446109655,23094.303990539218,22414.04373665621,Bad,Single,60.0,475
48.0,0.0,133739.30231306097,43785.1846892266,17642.30433061145,7693.308653227685,,Married,48.0,715
24.0,4.0,102961.93649974787,15660.440044805648,,26908.110982214697,Good,Married,12.0,628
31.0,1.0,54345.604928853296,,,24436.550808005926,Bad,Divorced,24.0,386
53.0,5.0,132371.5098622333,37813.54424342929,12215.336564420979,14187.167912019524,Average,Divorced,48.0,532
65.0,2.0,78167.40153005696,38228.636692491746,19209.14845384281,12222.107507899302,Good,Divorced,48.0,580
30.0,4.0,52381.08134458705,38111.96000743137,2107.6796534408445,,Bad,Divorced,48.0,346
63.0,2.0,38233.643148573494,36447.67251154939,,11304.486559528441,Good,Married,48.0,593
62.0,1.0,48978.429918483555,47921.96030741116,2500.7669123052938,9975.11695474295,Bad,,60.0,411
32.0,2.0,64041.10712772162,,12027.92339157129,19039.59773972329,Average,,48.0,554
28.0,1.0,125464.63820032305,31763.29817525237,,23730.65624104963,Average,Married,,660
40.0,4.0,78620.1499270924,49922.27306040075,23844.824342298965,,Bad,,24.0,494
22.0,5.0,98402.08641034168,18592.31344017326,20511.24991781019,29596.827966457946,Good,Married,12.0,608
19.0,3.0,102588.21779162965,24809.789281244546,8458.495289319042,6502.103190131819,Average,Divorced,36.0,516
31.0,2.0,20889.474293662934,32870.17320190692,,15859.115181919515,Bad,Married,24.0,423
47.0,4.0,20067.283442995064,11790.502803274096,18802.165122108352,20784.857789137717,Bad,Married,12.0,350
,1.0,25477.19646536223,45944.16803696859,10339.860583597114,29893.104467505633,Bad,Married,,465
21.0,1.0,,25002.32744731412,20911.96990178871,4606.947215587571,Good,,12.0,543
35.0,5.0,132608.815966564,17325.13739167243,12344.543020612626,13010.496257306704,Good,,60.0,581
65.0,5.0,55830.72440562796,11250.551777055134,21588.217093875995,19554.242589507652,Bad,Single,48.0,316
29.0,,149699.40389919706,24816.981765151555,8931.48208903699,,Bad,Single,60.0,539
57.0,5.0,90717.83640202701,5287.575627639865,8203.65648640388,,Bad,Divorced,24.0,331
43.0,2.0,54199.71714846697,33297.11894241991,4629.571435367738,25893.715704184557,Bad,Divorced,60.0,368
43.0,2.0,75994.724541151,11689.753110905694,11424.290504466428,,Bad,Married,,454
61.0,5.0,120091.32329718649,8608.349044199062,1190.781379247835,,Good,Married,48.0,587
48.0,2.0,27388.918574666008,30896.401397800728,6671.134885357755,9914.7342963845,Bad,Married,36.0,418
61.0,1.0,91248.43631966262,9925.996328258074,,16271.287793493193,Bad,Married,36.0,481
26.0,1.0,100643.64018866181,4619.783164616349,23316.14513343495,16704.281504886418,Bad,Married,36.0,483
52.0,2.0,20427.027519212203,7891.415849348263,18597.349189037628,402.4185643603873,Average,Married,60.0,443
65.0,0.0,125041.79812602601,21833.39116362151,19618.447960091555,13944.331181652133,Average,Single,12.0,660
25.0,1.0,26488.972027100855,22662.346576421165,17268.008386426976,,Bad,Married,60.0,400
60.0,5.0,30487.42828453156,46999.05197368413,13738.329782631861,17622.65579999908,,Single,24.0,534
54.0,1.0,,19655.465555035942,1588.1915611334007,20141.334240451815,Good,Single,36.0,536
47.0,0.0,,23820.12257269739,1497.8595575708687,4480.527380884283,Good,Married,24.0,641
33.0,3.0,30105.628651718653,,910.4942972029739,5806.670993187766,Bad,Married,,365
32.0,2.0,49958.60023531705,36156.78200321071,23320.15082471194,8006.904240216391,Average,Married,36.0,558
36.0,0.0,134864.50977931515,47722.05542464383,,22805.15474654615,Average,Divorced,12.0,685
23.0,3.0,77607.6036534046,10837.615681851277,14725.92736126988,7379.330194765123,Good,Single,36.0,555
18.0,2.0,,47424.10251419483,8276.274278748999,16795.791133154697,Good,Divorced,48.0,626
53.0,4.0,,10045.138701980268,18177.269724483704,16371.872855916248,Good,Divorced,,550
64.0,0.0,50517.525511812695,22711.600964834874,18548.78044587685,6983.029167737172,Good,Single,36.0,602
,,21617.28955448428,43447.68274486604,,7646.128062789074,Average,Single,36.0,465
55.0,2.0,44159.430548401986,,12927.17354212247,21560.366763201408,Good,Married,60.0,574
59.0,2.0,94665.57336284705,20753.983005016213,2817.1111241418635,25472.815839970874,Good,Married,48.0,637
59.0,1.0,,31343.712504783012,16005.367291320641,5107.556413296388,Bad,Married,,449
18.0,,112156.12398106985,35567.89860770251,14119.4870805899,29901.5544045122,Average,Divorced,48.0,520
50.0,1.0,109230.89080121086,44533.35755456949,,8190.894822981995,Average,Single,12.0,664
47.0,4.0,135421.4787260772,17306.834109067382,10069.36313536057,19262.9061341344,Bad,Divorced,12.0,445
44.0,2.0,,,1788.7152944559698,18076.458817760114,Good,Single,24.0,668
48.0,3.0,148421.66712570214,47241.758281838716,21542.58744388757,24556.72406247125,Good,Single,60.0,702
70.0,1.0,21180.14277666403,40255.45048246589,6529.492420159932,26473.654756401564,Average,Married,36.0,548
67.0,2.0,107687.45012534247,26859.233732291123,9387.374835030027,20741.260239446936,Bad,Single,,497
49.0,5.0,105716.16393920935,37904.40514260764,23169.80627772644,24270.535249154167,Bad,Divorced,,416
50.0,4.0,59332.734212314834,,,26989.21052218338,Average,Divorced,60.0,372
,,126626.25072561592,9295.921567713085,6284.463198071777,11210.932793665714,Bad,Divorced,,487
45.0,4.0,,20665.421798192594,24769.248332956533,5164.879188590788,Average,Divorced,60.0,479
48.0,4.0,109661.47879213515,24078.33534439868,,15660.874381191856,Average,Divorced,12.0,524
37.0,,110018.37712078942,28515.33855743605,14817.842140872777,29964.73058873269,Average,Divorced,48.0,543
48.0,4.0,126578.85993772616,,18894.061173433147,1063.073000446847,Good,Divorced,,567
20.0,2.0,36883.79964759862,23677.574135936615,,23415.973008134166,Good,Married,12.0,596
62.0,4.0,44891.39995054559,15227.481368934263,23804.838451809333,25302.050659399196,Good,Married,36.0,530
21.0,2.0,84178.40298126213,2445.2119169163207,13150.32363586519,21737.474642070116,Bad,Single,36.0,407
26.0,4.0,58112.51374673957,18123.38396796163,12223.67714939245,6813.21393950979,Bad,Married,12.0,413
45.0,,64081.59703770983,21327.36514453056,15352.568492855968,18521.782904391457,Average,Married,36.0,548
70.0,4.0,101167.25393285071,27764.168627329942,,29645.724775574625,Bad,Divorced,60.0,380
34.0,0.0,38877.878648340804,8769.323349455346,8437.47961166663,2325.902395591648,Average,Single,48.0,489
56.0,4.0,80743.95208930853,12828.32318564309,9425.791904841724,3054.5694714023175,Good,,60.0,523
70.0,3.0,38000.18016437288,24034.40104684212,20061.849491938447,19928.36634277249,,Married,24.0,508
58.0,,111107.20153339801,,7800.635843846201,1933.739874723618,Bad,Divorced,36.0,522
50.0,1.0,139779.8310344751,49809.9176292356,7787.754735633917,,Average,Divorced,12.0,675
65.0,1.0,,38677.52210865266,20660.514594439665,17938.068186435357,Bad,Divorced,48.0,531
34.0,0.0,126236.70619530279,48098.36951782443,16618.567401071636,7049.488629335896,Bad,Divorced,12.0,574
56.0,5.0,69569.90789102492,32079.693354293784,,2665.9767049880866,Good,Divorced,12.0,526
,,47680.88075940267,15316.305150827744,18960.716077134537,12925.690880917724,Good,Married,24.0,564
68.0,1.0,78050.3982345185,1642.7470412386892,19145.00477919437,15005.846775372607,Bad,Divorced,24.0,387
37.0,1.0,134208.3260370829,13976.935611977298,24333.730407465275,2903.579417180182,Average,Married,36.0,646
69.0,,143353.77907870102,25787.26830964262,,5007.16900975787,Bad,Married,60.0,522
59.0,4.0,,38719.69489359908,,26242.892633232223,Good,Divorced,12.0,646
62.0,1.0,118639.16422395893,24386.231963297978,,1752.3590342291072,Good,Married,36.0,706
58.0,3.0,88011.88118545627,,22891.82309897817,16008.649424332985,,Single,60.0,431
39.0,,126714.34493153972,49146.59162714416,11856.369375836211,22323.18290595187,Good,Married,12.0,787
52.0,3.0,65281.634764219896,2029.7668490001406,6830.806434268,13492.738237224863,Bad,Married,60.0,371
70.0,2.0,103236.7702293842,,24917.63841267071,7371.808254074071,Average,Married,48.0,646
22.0,3.0,20025.035412796195,9050.161207776448,9461.316459415697,17870.608118550565,Bad,Single,12.0,334
53.0,1.0,24179.767729518066,13510.267425229065,,23003.163600845808,Average,Divorced,60.0,409
26.0,0.0,97792.90872123015,,,8512.695841113049,Bad,Married,24.0,554
19.0,5.0,40706.80469801917,24761.9052724328,13087.678610680765,12833.772243538086,Good,Single,48.0,483
26.0,1.0,64405.18105908335,26219.221878932924,20028.14874449207,20004.801390725534,Bad,Divorced,36.0,408
70.0,4.0,97632.42480224826,26814.28606562598,16730.70666393413,6227.274943036628,Average,Married,24.0,573
66.0,2.0,119488.78654047841,49904.46973807461,8199.999624097472,4603.312065948442,Good,Married,36.0,739
54.0,1.0,46573.24623726128,3411.23274040005,14656.718022853665,6614.316605710096,Average,Divorced,,418
23.0,4.0,63176.71907888875,44042.68291648811,3834.5923076673366,13832.932513386828,Average,Single,,522
57.0,2.0,146122.1705686453,34049.158447640715,4787.907485284554,24972.43950353892,Average,,36.0,612
62.0,,80963.3235652967,24767.452760290562,16348.360975214498,,Good,,12.0,647
70.0,,68225.3873667429,21682.4612424684,,20855.621532218705,Average,Married,60.0,514
24.0,1.0,138616.5935307313,34768.293736781125,4341.614355510032,17460.115296989865,,Married,48.0,684
38.0,,98645.52676103593,42470.31813954788,,8040.364765588688,,Divorced,60.0,486
49.0,,36638.6816829794,,,564.7201114143263,Average,Single,12.0,484
66.0,4.0,28182.2788474852,35092.18997159036,21466.359214637425,4898.559708284014,Good,Married,48.0,537
37.0,4.0,20716.50346283377,36469.1119194888,9080.071373074086,13637.824322194503,Bad,Divorced,60.0,300
24.0,0.0,122659.01134573235,24902.888044673746,20457.954670119616,18773.262131471627,Average,Married,,663
44.0,4.0,37157.34191223646,,15435.743145926306,26211.127014284706,Good,Married,,508
,3.0,,,22841.374291605993,11187.997362228245,Average,Divorced,48.0,578
,4.0,30806.723215862316,47798.42200795142,14857.760833950071,4688.222618397243,Bad,Divorced,48.0,336
26.0,1.0,135731.1538655965,21828.844901578523,22545.351093682446,19246.44255586319,Good,Divorced,12.0,674
67.0,1.0,140494.59203589347,36238.08409918652,13523.107510769541,,Good,Single,24.0,739
19.0,2.0,33547.36104325294,48677.11544172711,7847.435311969306,16400.119677857365,Good,Divorced,48.0,542
18.0,0.0,79332.22005577752,1422.9922796359265,5911.857803734566,25238.542127524397,Average,Divorced,60.0,478
52.0,0.0,58015.17555818814,6137.425691730017,,6133.195866925703,Bad,Married,12.0,469
60.0,3.0,36777.5564080686,11557.149511235099,,13076.399569522162,Bad,,12.0,392
,1.0,26039.030459426303,8337.258973312411,13976.587502586108,7103.395296695091,Average,Divorced,24.0,431
54.0,5.0,132829.50230686495,43035.99353435539,11886.74170320074,448.7954484206624,Good,Single,36.0,653
30.0,1.0,63465.86393612716,44709.5963345169,9132.123213689974,5068.783265962268,Average,Divorced,12.0,564
20.0,2.0,113432.12457787043,43224.53018393951,12363.31750279677,10772.018372573191,Average,,60.0,607
66.0,3.0,122195.96516687867,42086.458950576125,17338.085655340674,,Average,Single,60.0,597
23.0,4.0,44129.23234586738,11571.146784726041,24292.665707477172,7044.737559886123,Bad,Single,60.0,311
61.0,3.0,137482.11955375958,41080.795624756545,16214.47628352449,4418.518644557974,Bad,Married,36.0,565
36.0,1.0,41856.58070627844,28500.71378022084,,955.9999112850626,Bad,Married,60.0,432
48.0,4.0,90647.84192555492,9244.479541824343,16296.05880171566,18072.94633203236,Good,Divorced,,509
56.0,5.0,147475.70092371013,4666.108557758799,14697.750006252754,,Good,Divorced,48.0,545
39.0,4.0,85860.47162213772,35525.99808979862,,27937.770377268494,Bad,Single,36.0,435
60.0,,109080.52760036841,,24715.583280945237,14034.023323840232,Good,Married,48.0,671
39.0,2.0,115054.25015094812,33149.51913851363,,10670.166479819407,Bad,Single,24.0,519
62.0,5.0,28569.44326809312,,3801.151673336095,5136.483313876361,Average,Divorced,60.0,403
57.0,2.0,137452.71650722247,6598.7846077207405,5945.905174991214,18925.773604260434,Good,Divorced,24.0,616
24.0,1.0,85578.40852591647,48433.48319528047,533.2315793515841,,Good,Married,36.0,710
57.0,0.0,,15517.700862863328,10709.392081668098,14561.941241622031,Bad,,48.0,500
39.0,5.0,23725.583386150935,48899.82999810493,18126.36355014699,26754.99916904904,Good,Single,24.0,529
,0.0,80540.0887358027,37149.48012769664,10814.023736828041,,Bad,Single,,521
25.0,0.0,145731.06107078874,44405.48532069111,19642.153699537947,13868.89563144776,Good,,24.0,813
56.0,5.0,116455.60706814846,48246.75095064639,,24749.94042869432,Bad,,36.0,481
54.0,5.0,,3455.637714226094,13895.939434510898,25886.652292793282,Good,Divorced,36.0,477
47.0,5.0,34283.559413375326,4929.155123701589,,,Bad,Married,36.0,315
58.0,5.0,81856.87749009044,49612.86091347653,10989.477834533234,19545.89906711798,Bad,,24.0,448
,2.0,89823.34883262307,25505.900428800145,5095.2645021637845,18004.870604690495,Bad,Divorced,24.0,430
20.0,,144639.42235067373,44555.534017548634,562.9357425206815,23758.85777125236,Good,Married,36.0,801
60.0,5.0,116903.34418854883,,,,Average,Divorced,60.0,508
33.0,,30428.885270841296,40522.89121582981,780.1139125640261,27302.339122160145,Bad,Married,,491
31.0,5.0,,19039.816674686765,22065.70679907775,27790.3069149536,Bad,Single,36.0,440
23.0,2.0,47809.635419177364,2433.628849733443,13214.325948062358,21270.161995297272,Bad,Married,48.0,378
44.0,3.0,25766.343080103205,44978.438009310295,17616.462758310812,2928.3986121049943,Bad,Divorced,,364
51.0,2.0,109466.70104540251,31406.256541436764,22642.05911824696,,Good,Divorced,12.0,638
25.0,1.0,,28868.44700986656,93.59019649045341,14165.093935291678,Good,Divorced,,602
64.0,,99089.85730519165,3468.874770955579,423.0537240791782,29229.130148774413,Average,,48.0,499
35.0,5.0,,8040.565131540474,23348.93251739876,,Good,Married,,513
59.0,,46540.88703074392,39650.28305445822,24409.275511216958,1861.2855392351114,Bad,Single,12.0,411
32.0,3.0,101258.9068103754,2092.571409712131,7936.162260801943,2252.0327390358275,Average,Divorced,60.0,449
27.0,3.0,146000.4059452733,45963.6015248141,10724.075542594293,11013.117476593075,Average,,60.0,596
55.0,,140939.8085966948,,5015.510994355341,7410.004788717815,Average,Married,60.0,671
31.0,2.0,85313.73323321878,14130.634983637274,24730.64200100392,12344.124671638416,Good,Single,48.0,582
55.0,4.0,120413.03281607854,15625.567909625119,2233.3178312868017,22820.152094087996,Average,Single,48.0,531
18.0,5.0,71856.94609059079,19571.328290947866,,22098.850666444312,Good,,48.0,544
29.0,5.0,20238.344473558966,2962.375103047173,22974.5761089544,2117.074714327588,Bad,Married,48.0,300
60.0,,105108.10877557521,10392.76631000387,,85.88160578356985,Average,Single,12.0,590
22.0,2.0,118772.79151906505,14820.9549919771,1009.4560769691036,28410.811489551823,Good,Divorced,24.0,608
70.0,2.0,29703.008510849715,47124.59449395686,22299.08941636059,8288.486467916073,Average,,12.0,573
62.0,1.0,121163.72843439403,29264.539532190258,,23046.783233757047,Good,Married,48.0,710
30.0,4.0,51847.88816053982,49522.21079203517,,3303.441320959106,Average,Divorced,36.0,478
51.0,5.0,,29486.469857074597,5648.799946782609,20174.05316454073,,Divorced,60.0,484
68.0,4.0,52793.72970624709,17649.61656978189,7587.988358233444,1492.897451262184,Good,Divorced,24.0,485
66.0,3.0,20766.054304231595,35704.46811296417,9529.238366915302,27530.995018441132,Average,,60.0,479
,1.0,25905.58340224764,14997.94184891982,20833.058091804076,4638.046120061459,Bad,,36.0,374
63.0,4.0,102744.24124518504,14895.324707242635,18130.564709406575,6752.293738556997,Good,Single,48.0,566
21.0,1.0,57758.94041920649,46375.93054983102,18061.14991338236,,Bad,,60.0,489
60.0,3.0,53405.01942071949,46635.45328942731,9546.703063806877,28558.364424471732,Bad,,48.0,454
19.0,0.0,103477.45770706622,47395.613374241875,14943.871405108535,12951.500507178072,Good,Married,24.0,762
38.0,5.0,,20321.619285240442,14337.42607183151,,Good,,12.0,600
47.0,4.0,139798.69027722464,25364.184343074405,15005.934471184733,23367.63489714357,Bad,,,507
20.0,,133894.73540920432,35020.739560121736,6861.796464631672,3150.108414323155,Average,Divorced,12.0,618
21.0,2.0,77728.49239735129,46887.06749116295,13690.216510287753,2000.813843765752,Average,Single,12.0,607
26.0,3.0,147435.2433650007,28335.73190191427,16575.95587862471,364.601499348709,Bad,,36.0,553
38.0,2.0,91738.67432144683,5546.765931908354,11126.416890304006,15598.142370506504,Average,Married,,563
42.0,3.0,124808.05504936083,,16552.107156510432,26654.62289861533,Good,Single,12.0,698
22.0,5.0,82194.32256751816,19810.807243616895,,16944.588997854633,Average,Divorced,,419
25.0,2.0,122663.56501344379,9616.65531345089,8865.113635043797,26304.700190846896,Bad,,12.0,452
,3.0,114643.06703357793,12294.846999080251,8774.403867013092,7093.209708466204,Good,Divorced,60.0,547
21.0,,120063.77478022323,,1398.5477403155617,11537.1719336687,Average,Divorced,36.0,543
56.0,4.0,28389.22268209826,43262.840408348544,14215.139992796907,27738.031019329588,Average,Divorced,36.0,434
56.0,0.0,85317.3582995798,10809.23879359131,,15795.645342431442,Bad,Single,24.0,475
32.0,1.0,31564.053494277498,49060.791780325,4248.906141815037,7013.027476373826,Bad,Divorced,24.0,420
41.0,1.0,23936.46138510279,22551.383473569167,12207.068626490849,14676.605521107787,Average,Married,36.0,517
51.0,0.0,56502.970583656395,29716.66950258677,,15856.025235702977,Bad,,,424
70.0,0.0,48111.48397723869,46221.103743291904,4460.593048674122,9681.018283571759,Average,Single,12.0,606
62.0,4.0,41301.0201623021,27389.475931317407,5463.327261091461,22831.18697559396,Bad,Divorced,36.0,319
67.0,,54085.82077935107,35270.059255285414,22338.633142684637,12727.997895550725,Average,Single,24.0,522
46.0,,127772.56646358811,24844.317365987725,14933.491949023793,17091.80603138187,Average,Divorced,36.0,610
18.0,5.0,49455.84236694193,25676.193984279707,23372.584472315706,22071.90268372857,Average,Single,48.0,437
,,44149.62772808167,25441.270625616755,9296.847987277706,10239.998382741142,Bad,Single,48.0,389
59.0,2.0,54257.79817805844,31101.859070295202,,,Bad,,,444
64.0,5.0,34533.18061283467,,11936.59571015516,,Good,,60.0,494
29.0,0.0,97216.55761901877,,4411.238363052775,,Average,Divorced,12.0,618
23.0,3.0,27109.991541123705,7202.865807933796,5638.239314119398,8411.234391570659,Average,Married,24.0,460
,1.0,108444.08714667226,22808.055848904318,21166.47558291885,16092.768967440763,Bad,Single,48.0,490
22.0,1.0,106745.93241558815,4011.0975636779335,,18287.480591414253,Bad,Single,36.0,460
62.0,5.0,,40878.11786455121,22813.726335213618,1807.0393380790151,Good,Divorced,36.0,545
56.0,1.0,116900.94881103534,7050.175519099529,7456.945259937434,17923.046791275512,Average,Divorced,36.0,539
36.0,0.0,124367.63021591466,4579.1315157225345,21344.679967741755,,Bad,Married,48.0,524
64.0,0.0,148638.15472087223,3510.5425819430848,9082.552934161347,10705.202401665862,Average,Divorced,48.0,585
30.0,2.0,57699.35314663472,15530.762838380959,8767.863932067743,16206.691211998052,Average,Divorced,12.0,477
45.0,2.0,,44304.26213309952,23187.98978129926,26664.145078828435,Average,Divorced,48.0,617
51.0,,90475.37297711615,,17096.819039916132,22972.69830945889,Good,,48.0,625
64.0,,28413.82794022146,34927.8758648445,1187.6730987571693,11069.786424236321,Good,Single,36.0,517
49.0,4.0,112470.00405390807,,24570.621997811813,20151.472601479272,,,24.0,442
31.0,4.0,107042.77374590632,12908.710127734226,8396.016586922164,3029.008870417447,Bad,Divorced,48.0,368
32.0,0.0,36914.16650120409,27832.462190422913,717.1533545201142,26741.568830065527,Average,Single,12.0,554
,2.0,146522.35013078287,41806.106800135654,4545.780601232324,8749.728088335198,Average,Divorced,24.0,638
53.0,,53614.373360784244,47698.11097860002,9725.213726736021,,Good,Divorced,48.0,586
35.0,0.0,53400.60115401217,,,6291.64733432548,Bad,,12.0,535
37.0,1.0,126172.86675339263,31966.46228434366,20018.048068213942,5765.534498462551,Average,Single,36.0,642
27.0,3.0,49906.78876228546,45673.961205426036,,7323.63709196861,Average,Single,12.0,547
56.0,1.0,,,9221.621764186544,26507.8760093842,Bad,Single,,573
25.0,5.0,42877.04379599962,3745.924849409446,18790.097313609156,22896.688722712082,Good,Divorced,12.0,434
42.0,3.0,148005.22541908635,10406.624627841962,16777.332519932534,7533.956632321771,Good,Single,24.0,658
67.0,0.0,69033.0774833498,11438.423125839805,1129.3590383005758,16866.982910197246,Good,Divorced,12.0,584
57.0,2.0,92874.75113837533,34079.628612057815,20857.057968784033,6472.008793575555,Good,,48.0,591
23.0,2.0,92103.20257481429,36748.5419461311,,11855.085455069691,Bad,Divorced,48.0,436
20.0,3.0,84200.03160318552,38509.30762775086,,8013.73368238785,Average,,12.0,609
,0.0,63135.083206395655,28119.19079401922,6663.6402239041045,7611.620792008193,Good,Married,36.0,660
,2.0,112726.08587859898,23689.380980538517,8529.52631956519,27984.546367359053,,Single,24.0,597
53.0,3.0,23461.00401897066,23035.99156642762,10220.92639615148,3537.530547899976,Bad,Divorced,24.0,317
69.0,1.0,81651.00422318437,49805.1994756822,7990.2553418783555,16958.59807318771,Good,Divorced,24.0,648
56.0,0.0,120116.19720264459,3823.266932821517,7846.845168003811,2413.831258853788,Good,Married,24.0,697
,4.0,135856.87333503476,,9412.963636725324,,Good,Divorced,60.0,611
,0.0,146403.1878202444,32810.23378582735,16659.95352574666,8715.152226508404,Average,Married,60.0,700
47.0,,,29813.668762077185,,7568.6350710586,Good,Single,24.0,577
51.0,3.0,71277.01248064355,,9335.802115606493,10963.511740705822,,Single,48.0,484
25.0,,68333.20607524892,,10251.688925406963,24783.223884628915,Bad,Married,,498
20.0,,,39127.28329828926,8336.671946513847,4788.229350024121,Bad,Married,24.0,522
64.0,1.0,101120.58514940435,6182.100943469685,14043.522773181532,5191.024287592715,Good,Married,36.0,647
37.0,3.0,83606.64203494121,9777.766518121782,,5696.439282623559,Average,,36.0,461
30.0,4.0,101361.0262824982,19748.139896871962,16236.765870360423,27331.98644021195,Good,Single,24.0,594
54.0,,115556.63800126378,47917.877212374566,18224.914934107663,25026.321942479102,Bad,Single,36.0,579
52.0,1.0,,37801.039804416236,7484.296803213189,3102.456676224784,Average,Divorced,48.0,485
44.0,2.0,40549.877135850635,2832.467779179233,19687.71891371057,28398.13946373338,Bad,,36.0,349
52.0,4.0,119386.50371839294,9357.98493774203,,16898.484870301723,Average,Married,12.0,577
35.0,5.0,27278.883556639863,35907.83732324445,13797.439986291402,29337.85996672263,Bad,Single,48.0,328
51.0,1.0,110630.9959933447,49207.59160361511,,12210.287989901797,Bad,Single,,555
50.0,0.0,44338.76874205207,6915.137385733094,8425.744081616016,3751.1624350350794,Bad,Married,36.0,432
63.0,5.0,149197.14976179882,18866.53302342063,7075.602541826842,16833.063088306815,Average,Single,60.0,546
55.0,3.0,47535.24439798704,27673.741532667806,3718.9299093900063,29831.826497750488,Average,Married,12.0,538
49.0,0.0,127744.42375833582,23577.60177161588,3305.219891428307,,Bad,,24.0,557
70.0,2.0,,9615.060622721481,3262.925488924598,,Average,Divorced,48.0,531
57.0,0.0,69659.70226153781,33191.385708702204,20283.462866610218,6280.3726761572325,Good,Married,12.0,699
37.0,2.0,113236.01878099481,34769.718158823394,10189.948124954588,6780.884184812256,Average,Single,12.0,630
26.0,2.0,147930.87121585448,49157.52050136621,,,Bad,Single,36.0,585
70.0,1.0,34039.38412135844,25696.572230912305,7507.626070412868,,Average,Single,48.0,496
43.0,,75813.9161868818,18547.478566107344,9830.55355930603,8896.715222366578,Average,,36.0,518
,1.0,75249.27097365724,17561.79468624557,17668.891741641386,26246.194480077385,Bad,Married,,475
20.0,4.0,55352.31557856544,43522.049895538636,14622.937386408952,24252.237528070415,Average,Single,48.0,500
68.0,,31552.56408865202,,9935.965495311255,8685.89254005407,Good,Divorced,12.0,489
50.0,0.0,74583.23302020028,23279.573539874567,14235.56944617281,20937.731610333016,Good,Divorced,48.0,586
51.0,0.0,128888.00384281807,49475.39216142446,1365.5945784674022,24948.07617886233,Bad,Divorced,24.0,570
64.0,2.0,26200.313722680883,,10797.210878426331,28921.74550104049,Good,,24.0,551
66.0,1.0,,6542.167785883066,17338.222677938596,29604.77224227693,Average,Married,24.0,635
50.0,0.0,120229.94192829146,,10197.406122902283,22972.96804623935,Average,,24.0,662
66.0,1.0,110998.32558030565,47160.2081882255,14313.654799226793,4669.344332364733,,Single,60.0,532
,4.0,128467.47799422634,,9659.15018578804,10995.40039100371,Bad,,48.0,446
54.0,5.0,108254.53220017813,22311.863469185104,1795.6494579512594,18608.25730341147,Average,Single,12.0,538
43.0,4.0,141073.00784951268,22613.037667003937,17303.910498710295,27261.50046705704,Bad,,60.0,493
63.0,3.0,,36362.35038912065,7341.5415915336625,22135.339948655244,Bad,Single,12.0,560
46.0,3.0,102499.8002000276,38923.838633389605,,14920.106071697785,Good,,36.0,674
48.0,,,1062.3159918879344,5292.1217856467865,2414.8492555482026,Good,Married,12.0,518
26.0,4.0,74569.92605405302,10544.40669051051,15688.284476586043,,Bad,Married,48.0,390
70.0,5.0,64620.02063331824,38227.85121991362,17226.949687547403,,Good,Single,24.0,562
33.0,1.0,138810.79894361994,,9211.290382491754,18286.88705583184,Average,Married,24.0,655
23.0,2.0,105996.00059754853,34265.87362015831,2675.403445594421,,Good,Single,12.0,679
60.0,2.0,84126.52002079925,4135.611672314059,2958.8776267788635,13074.734632412277,Bad,,12.0,430
56.0,5.0,109795.33460389267,32582.157153118365,,15533.40283463442,Bad,Single,,441
36.0,3.0,35044.75933975652,16231.282898983578,,8104.480160983937,Bad,,12.0,399
30.0,0.0,22425.49010905557,19345.73912215434,1035.842316990429,8139.310203361761,Good,Single,12.0,578
25.0,3.0,20957.217852658196,13126.551333355412,23864.52394311066,9508.482392023849,Good,,24.0,494
51.0,,54923.463752379204,35749.32705169105,13612.446771827616,,Good,,60.0,554
29.0,1.0,36250.1483570031,32741.86094567007,,7156.939108298793,Bad,Single,60.0,403
57.0,5.0,43061.30795223013,2821.1472939815058,15870.252132189797,14183.218877101206,Good,Divorced,12.0,433
69.0,0.0,98203.820424101,4847.849473717001,1177.0667626521986,11249.116927601428,Bad,Married,24.0,510
62.0,4.0,36450.20013900516,26470.49245333066,,2769.9736136381657,Average,Divorced,,391
33.0,2.0,123658.06319244423,27787.57540450277,1721.9656540830074,,Average,Married,60.0,620
43.0,5.0,121878.52807520248,34002.263491289086,498.9758041604092,,Good,Married,60.0,630
67.0,2.0,24955.95561894883,47183.56017693395,5518.095444244025,23869.14795454051,Average,Married,60.0,527
22.0,5.0,78027.85541824761,32015.64308558517,5262.839089456734,,Bad,Married,48.0,418
32.0,0.0,,26872.23248230141,13872.358114470859,6211.759854266274,Average,Divorced,60.0,548
63.0,1.0,138312.95909896473,12559.75283574718,8670.784443155893,27031.57940295802,Good,Married,36.0,709
29.0,,59983.81848732458,38119.239534148,7777.673061138777,17134.795576657318,Bad,Divorced,36.0,346
44.0,2.0,48177.05276598602,19404.086332969586,21789.475888346857,12244.862676746028,Average,Single,12.0,513
37.0,1.0,32846.16646921805,35507.04635764953,1229.0564886570626,15009.587374673309,Bad,Divorced,60.0,364
51.0,0.0,74697.35264534951,41002.309122032326,428.41654994180135,14920.795398512902,Average,Divorced,48.0,561
20.0,1.0,36617.78094245281,9718.477478614885,7990.349841148439,19047.131886846888,Average,Divorced,48.0,428
43.0,0.0,86104.47141221519,4581.099672391385,23708.776639409927,24106.02625026378,Good,Married,48.0,633
40.0,2.0,67297.42223317409,3725.54445082167,22025.358961003883,11644.943690539329,Bad,Single,24.0,397
20.0,,99167.82136200827,39567.495216959156,13914.949663157473,,Average,Divorced,24.0,551
49.0,2.0,38201.93451401127,3529.648903128558,20319.77942586554,9354.374613561135,Bad,,48.0,337
32.0,0.0,112252.77198069086,,4311.215676223313,18575.424285138943,Average,Married,60.0,634
40.0,,69539.36316542677,,13561.137786876767,26747.63153098245,Bad,Divorced,12.0,360
40.0,,41151.89141264249,,501.035286994661,8960.112361868582,Good,Single,36.0,538
64.0,0.0,,7802.030008915097,15732.875929671047,18767.991121756884,Average,Married,36.0,560
60.0,,,45637.55512513648,,10230.384031930971,Average,Divorced,36.0,510
49.0,1.0,41993.04633829964,,5962.933806061122,24694.868431545343,Good,Divorced,12.0,559
24.0,4.0,120971.95350242258,,16595.927503513674,,Average,Married,48.0,564
25.0,2.0,106502.0980010648,5224.462301954028,3227.46674675036,7495.385667655079,Average,Single,,542
44.0,3.0,119399.88243360554,7441.157462542149,12764.399164611023,9456.304807821776,Good,Married,48.0,624
,0.0,106286.5895981663,28946.86343764258,3237.301773377843,29467.55478096047,Bad,Married,60.0,539
18.0,2.0,100836.77387103652,18193.9569574639,16496.281574548888,21795.5090589767,Average,Married,24.0,600
68.0,4.0,133824.2729317586,18821.64760058777,7111.3946259820705,14979.833824623147,Bad,Single,60.0,446
41.0,0.0,120065.07074184816,29127.260150442013,10143.33996730222,16792.973600686808,Bad,Single,24.0,558
25.0,5.0,74739.56061493131,3454.236582081411,16600.292941101336,13629.921906734357,Good,Married,24.0,536
61.0,4.0,63962.06057436674,42081.37512799582,24457.994785680286,5253.961821833406,Bad,Single,,399
18.0,,,,,2304.084127500865,Bad,Single,60.0,359
38.0,,38860.11027910023,8129.349896910757,13686.663542382177,19396.563098896717,Good,Divorced,24.0,428
24.0,4.0,96586.65159537905,27377.977743146344,22151.00683108898,13993.45551297365,Bad,,48.0,383
40.0,4.0,53569.819011507796,9348.616119055156,12206.401221663937,4729.923694472755,Good,Divorced,60.0,440
19.0,,96828.25286788485,30771.800610746308,22186.573447550774,24838.547024274543,Average,Single,24.0,550
54.0,5.0,65758.09622553135,39051.006182501216,4442.370656336594,29172.76013725133,Bad,Married,60.0,405
66.0,,141478.12611383572,5251.48350525438,,7150.85653959041,Bad,,48.0,449
60.0,3.0,,45821.331340796045,,25167.526954290417,Bad,Divorced,,448
31.0,2.0,91736.62104058414,,11024.080126433644,14838.584957293051,,,24.0,447
62.0,4.0,,20023.74095319151,23587.293230501742,1311.5813511552876,Bad,Divorced,12.0,464
47.0,3.0,135866.86233290436,47175.37986923377,,5267.50707882778,Bad,Single,60.0,525
34.0,0.0,24733.88548200072,36966.31135268446,4231.663453684917,23797.79799281445,Bad,Married,36.0,466
41.0,4.0,59116.65668550449,21817.23913846718,12770.524991318405,75.040041628478,Average,Single,12.0,492
56.0,4.0,136829.3124779367,41837.108381912854,17861.148777723352,3376.778006891892,,Divorced,24.0,486
,,105566.48033180652,9693.608076971414,21479.20388655779,26729.59126086725,Bad,,12.0,470
68.0,0.0,123759.35922380978,47782.91201865306,,8849.014909537509,Bad,Single,12.0,610
,0.0,70941.73134236355,48395.08638523028,12625.757438858542,4151.127333249837,Average,Married,48.0,641
28.0,4.0,70625.13307639826,10863.736894686695,,,Bad,Married,60.0,375
55.0,1.0,42046.92510196547,6808.654416572315,,21237.87157151358,Good,Married,60.0,549
55.0,3.0,132549.029175403,,,21313.16770912302,Bad,Single,,439
24.0,,,9538.197905482059,23197.61477914352,19151.41248643933,Bad,Single,36.0,385
23.0,4.0,53546.22540181387,36964.9157969257,6400.900091890799,13183.855749857506,Bad,,36.0,395
59.0,1.0,,48619.3779819258,6295.453832755188,27345.34781524808,Average,,,546
48.0,4.0,135460.60171787778,3193.9057653541404,23365.905350715595,3882.4421685582165,Good,,48.0,547
47.0,4.0,41027.84798715957,33030.11757944607,,28585.123340059465,Average,Married,12.0,520
22.0,1.0,139700.20175712666,39728.291335004586,17722.700415543855,16718.382431708476,Average,Divorced,24.0,645
23.0,5.0,35877.51800078063,20567.464807003857,6196.193040783493,,Bad,Divorced,12.0,300
58.0,5.0,,42845.657368766064,,4832.803170928033,Average,Divorced,12.0,431
53.0,3.0,,45669.89186901072,,21318.4337793056,,Divorced,24.0,688
48.0,3.0,128583.91152632979,6260.193372057906,17051.344089781393,22750.40067036366,Average,Single,,553
43.0,1.0,145732.66883146507,1103.5704866732594,1330.1197482247146,15644.136501276382,Bad,Single,60.0,486
57.0,5.0,,3397.7615555192674,2109.88279245872,6277.519774906017,Good,Single,12.0,586
35.0,4.0,91316.53067526985,9378.001627136986,10361.696851124489,7051.339178632889,Average,Single,36.0,490
29.0,4.0,132402.93749719535,21670.278503880265,11907.14073141288,21799.51284539932,Good,Divorced,12.0,609
23.0,1.0,141701.5056153002,33536.61920456901,17920.928658679077,8528.766299341116,Bad,Single,24.0,576
54.0,2.0,99424.62427025673,30192.598848418904,3713.153538751196,14456.341899067867,Bad,Married,12.0,532
52.0,,27557.47430786054,,,21949.87019512395,Average,Married,,430
19.0,0.0,126948.80033790536,29554.054410988916,24473.21079121898,23006.40358757806,Good,Single,36.0,718
20.0,,73413.22453011537,,15958.2492945094,12827.195519563456,Good,Divorced,12.0,582
70.0,0.0,34484.213404159105,5630.368387766662,6139.696616043397,309.36764313303945,Average,Divorced,48.0,437
21.0,2.0,68043.33984302278,18196.488414471325,4817.140666825798,4390.678898428504,Average,,12.0,567
26.0,0.0,133501.51998554223,17676.32762405242,20368.4215619389,3854.9274471872773,Bad,Married,24.0,583
57.0,2.0,125364.06591984417,38326.0156489748,10756.926554295724,1833.8502108827947,Bad,Single,36.0,533
37.0,,75934.45525460698,8670.952045689039,,26763.42421225224,Average,Married,36.0,538
27.0,4.0,,6457.482548758157,19097.624850552736,24.385458570356235,Good,Single,24.0,631
54.0,1.0,,30962.107257865162,10524.567472598112,25090.332877495304,Bad,Single,,590
62.0,4.0,116695.91917731444,14388.09147090436,19374.71113119582,8735.430375873306,Good,Single,60.0,574
35.0,5.0,114089.47538053847,24262.96774532327,5372.465421360876,491.7848924082602,Average,Divorced,12.0,510
24.0,3.0,,9326.060316087665,11420.920383115987,28142.974238731953,Bad,Divorced,,424
28.0,1.0,,19210.828567966197,,25308.206820748368,Average,Single,12.0,622
52.0,0.0,101684.42551269833,,,21206.914028700758,Average,Divorced,12.0,557
65.0,3.0,107433.06738692729,47502.90904151061,,8934.632308770544,Good,Single,24.0,678
59.0,5.0,130578.52446220789,30102.409057110268,23950.26491653591,19495.19946078176,Bad,Divorced,60.0,404
43.0,,,47831.583192821825,9000.378572356321,21300.8669854865,Average,Married,60.0,558
30.0,2.0,146123.75424151792,4922.693376851015,,20588.066658827767,Average,Married,60.0,604
70.0,0.0,136023.45354089738,11561.515303157752,22429.912258745473,28042.686628997548,Bad,Married,48.0,554
58.0,5.0,50488.80877110804,22869.62003164318,11040.109415468252,2250.4440500361998,Bad,Married,12.0,393
,,,,19587.582028408113,17928.166054845864,Average,Single,12.0,591
64.0,1.0,,34407.37219232556,,5330.689155488872,Good,Divorced,,515
50.0,1.0,49816.80400086143,46982.13248474723,5971.0815649609785,4843.953434334612,Good,Single,24.0,640
51.0,1.0,,,23973.995595299883,8789.903235876101,Average,Married,48.0,558
34.0,3.0,,26068.04095002567,5950.478992784228,163.45670090824993,Average,Single,,554
32.0,3.0,136066.59837809432,23265.025520780535,12909.070752913129,1205.6738400938405,Good,Single,,667
24.0,5.0,48994.07069059249,6118.2067763531095,10897.135198705562,4535.999624678732,,Divorced,48.0,417
70.0,0.0,45768.29083379239,30327.193021736057,4569.045201135821,20726.272307646734,Good,Married,36.0,641
26.0,3.0,119859.74562107137,17872.65590091301,15993.102268212848,21768.765138642222,Good,Married,,655
43.0,5.0,84352.38353328538,44129.933996324435,3264.542573977028,,Average,Single,60.0,510
70.0,,98758.6693825492,23641.099944596514,7794.902840488236,3296.8648546334025,Bad,Divorced,12.0,388
65.0,4.0,,14967.68197097056,5242.257192053057,11786.378198354794,Average,Married,60.0,513
21.0,0.0,142362.99137424194,8007.923948456757,11291.06184472969,12209.488163802063,Good,,12.0,675
20.0,0.0,94136.60590609298,42353.17369192746,17498.46479016803,28293.64706773689,Bad,Married,12.0,590
,,92964.26828737381,16081.266494962452,16143.237499550625,,Bad,Married,12.0,496
18.0,,116099.32102928618,39806.82775172478,1822.0845116081298,,Bad,Married,24.0,504
54.0,4.0,135979.06838137927,16509.56274417088,,3390.8000760923405,Good,Married,48.0,644
62.0,,123988.87509010379,,2836.4722339120935,24328.346729031575,Average,Single,12.0,573
27.0,1.0,101039.51995338983,,,25909.692886171026,Average,,,524
22.0,4.0,113588.00215555797,35383.750795034466,12079.265529759836,9490.3945387935,Average,Married,,622
63.0,,141600.7378140722,11401.684934327148,2544.282985358662,519.2105197538721,Average,Divorced,12.0,581
,5.0,107091.88484820811,3051.1586684438703,,28237.78723148634,,Divorced,24.0,448
26.0,2.0,127559.9212228755,35977.15291740331,15672.864206445563,26550.01963251973,Good,Married,12.0,742
,3.0,53455.29307219388,7370.706036356301,15625.548545016574,4395.120030701467,Good,Single,24.0,526
24.0,2.0,100667.35501503915,49774.403303751315,20714.945589992396,14146.051581055714,Bad,Divorced,36.0,483
48.0,5.0,76913.80938140018,,24122.785296574257,770.1725534620274,Bad,Divorced,24.0,384
47.0,5.0,141187.50516961643,2479.9450242384846,11343.04565446382,4622.544153788799,Good,Divorced,60.0,523
,1.0,136688.18744582107,,1308.5645983572758,931.1308661436657,Bad,Single,36.0,501
41.0,3.0,121947.40662260816,15050.347897416485,9971.693636314063,2901.656713126456,Bad,Married,12.0,512
,1.0,59600.64971630346,36913.86409938818,1152.655524206092,12451.514374364317,Good,Married,48.0,643
38.0,3.0,97901.08665609811,16320.07709893235,11880.635008667989,19190.518114354592,Average,Married,,553
63.0,,130430.91708556151,8293.93808200769,,4029.049292243183,Average,Single,24.0,590
65.0,0.0,138137.84937689104,1798.3096377368306,16477.559889963,21613.871583823307,Bad,,12.0,497
53.0,5.0,51204.48077993799,32089.507056218892,13587.676521750447,,Average,Divorced,,432
52.0,3.0,89243.98143054967,35196.46673252994,2646.631470330513,16104.249698528236,Average,Married,36.0,589
52.0,1.0,39743.11949849765,40970.930189149316,10028.605693195144,24418.961634831187,Bad,Single,48.0,434
59.0,3.0,58282.886549649775,26427.746128777682,22459.97755829276,4386.881970582221,Good,Married,48.0,580
40.0,2.0,62851.159694945556,39904.91897403159,2051.9493770165736,27677.59320289589,Bad,Divorced,,413
57.0,2.0,107778.60259871579,30385.592226050652,,182.94064585538393,Average,Single,48.0,584
50.0,,114860.57282820562,44426.4571569626,24058.971382123687,3493.969182176552,Good,Married,12.0,762
67.0,4.0,,19866.300802093872,22933.198600914144,11564.332830391282,Good,Divorced,48.0,576
31.0,3.0,,19217.039348559058,19413.43714000616,8424.003243060824,Average,Single,36.0,594
69.0,,57980.46647108362,49513.69137312787,5731.779783619109,14292.010399266126,Good,Divorced,12.0,606
25.0,0.0,115161.82813981191,23619.612554650485,24746.418891176083,11165.773564411673,Average,Divorced,48.0,580
48.0,0.0,60376.6067531567,4845.36558220321,3306.578296520435,16852.11472679931,Bad,,36.0,450
61.0,4.0,95148.25771361547,32104.557521391707,,15325.760069531758,Good,Divorced,24.0,571
50.0,4.0,67521.84821053036,44011.389197855024,,13143.750876713082,Bad,,12.0,408
47.0,4.0,54798.75550964018,,20316.533454087457,238.3989795425978,Good,Single,36.0,536
19.0,5.0,121006.36269745533,22518.98087735613,5683.827505541233,27497.650516275695,Good,Single,36.0,596
43.0,1.0,,26980.617876267956,,15929.548677304345,Average,Single,36.0,627
,1.0,60477.138296239005,20364.374423368383,3430.947653575883,1969.9297042234998,Good,Divorced,12.0,571
67.0,0.0,26310.536733440975,4717.889882580002,10172.495841573817,28780.150580209476,Bad,Single,12.0,394
56.0,1.0,103987.21921642582,35474.44820444101,16761.977761679635,6396.1609088814075,Bad,Married,24.0,559
30.0,4.0,96398.13744979174,24380.21556643691,7594.688221947246,12736.63694350303,Bad,Single,48.0,417
22.0,0.0,,36792.49156909852,188.84865095146475,22046.22627695173,Bad,Divorced,36.0,479
48.0,4.0,42857.00776011414,9388.421340635376,5682.223445300852,5359.514274549379,Average,,12.0,405
37.0,,83244.60416941642,23574.782697817365,5231.798009327424,1563.281158043801,Average,Single,24.0,558
62.0,,139747.67856202202,13148.119938330417,,21361.05064155586,Average,Married,,582
58.0,3.0,,31546.05199730316,15633.010936198636,14437.700615868504,Bad,Divorced,24.0,344
34.0,2.0,,7325.500319549706,20307.63910090946,13592.184690635473,Good,Divorced,48.0,608
38.0,,88651.7460111483,12086.97488710598,8202.601698507824,,Average,,60.0,472
58.0,,35967.316394707654,42229.76401117256,23327.026499829084,3965.827335879565,Average,Divorced,36.0,482
36.0,5.0,81553.73715400074,4420.14861625462,17042.662992110618,12275.575377718344,,Single,24.0,457
24.0,1.0,93526.08019421546,18759.287058131213,,3556.527193728647,Bad,Single,24.0,482
66.0,4.0,132985.71663310553,43747.38085867188,,15866.4524262591,Good,,36.0,674
69.0,4.0,,26981.480917407876,21268.53937209104,,Good,Divorced,48.0,584
70.0,4.0,125692.08513993562,33996.67996285492,,,,Married,,635
44.0,5.0,97557.7395917101,11428.577835674498,7469.825041105993,10514.73225720286,Average,Single,60.0,462
63.0,,21088.624144709956,8431.434530356044,24902.214816785898,404.7746883564396,Average,,36.0,394
29.0,2.0,68676.43959279364,,3958.3727868374494,19285.19352201919,Average,Single,48.0,561
28.0,2.0,,45979.248352802104,19613.288014039925,1790.6028518564908,Average,Single,48.0,522
53.0,5.0,86304.14395410282,12395.864843742138,,,Bad,Married,,419
33.0,0.0,95196.66617936251,18196.824509818878,1872.1549428019234,5402.530138875403,Average,Divorced,36.0,553
33.0,5.0,127710.13259218168,39116.96894344787,11697.003933947306,11382.566037728264,,Single,,488
61.0,0.0,89681.41474490502,5047.330948782886,22327.22306155609,5378.608363441797,Bad,,60.0,439
38.0,1.0,,29733.79737968959,22593.052191135404,1997.143006629215,Average,,60.0,485
42.0,0.0,36938.7307746719,29509.67886243381,16715.578075489164,,,Single,36.0,598
42.0,0.0,99073.49354132218,,2384.3230804432515,15080.426706033895,Good,Married,36.0,736
69.0,5.0,146334.6833185514,29593.381229043473,12367.343960308988,27976.899894214886,Bad,Divorced,24.0,454
46.0,4.0,99708.96149672194,1643.3298211656795,21532.133118204743,26463.667613075893,Bad,Single,60.0,366
21.0,4.0,125577.74083125175,12239.36253239412,15497.071880779446,14547.420222121389,Bad,Single,,441
44.0,0.0,105446.0488760467,19271.40300618209,,7740.957282006691,Good,Single,48.0,659
42.0,2.0,69942.27039503324,17587.981869395397,13838.67899209225,12905.218568428187,Good,Divorced,24.0,548
43.0,5.0,37928.785138312276,,,12355.196153773762,Good,Single,,458
30.0,2.0,82095.07341668777,33174.99336645098,21943.699428102973,62.19141896911529,Average,Divorced,12.0,545
29.0,2.0,136352.3484660394,26665.95254832644,22743.39451232468,6364.511101740928,Average,Married,,635
29.0,3.0,122238.76594683077,36646.01934803133,23925.372523821658,5783.5505673899615,Good,Divorced,,646
51.0,1.0,72738.23385019648,3332.22487527004,,6117.921456648456,Average,Single,60.0,493
54.0,,73581.2658008978,5101.6183456746585,800.519710007444,9705.705317963258,,Single,60.0,338
56.0,3.0,25862.797373010682,19139.039606784198,129.34558428144283,29476.81683949568,Average,Single,36.0,442
38.0,4.0,98466.24056569109,25614.4235875254,3925.762073411951,4555.316058354959,Good,Single,24.0,602
40.0,1.0,,3349.4048605785906,13630.232728661647,,Good,Divorced,,604
58.0,5.0,48287.392919649785,47502.00265088957,,16778.64883303908,,Married,,559
34.0,,64145.39352257562,9126.351977380338,18037.827735188268,16464.29957156714,Good,Married,48.0,573
68.0,3.0,79462.59467854249,49507.3378375315,719.085585878651,11222.611750967795,,Single,36.0,474
22.0,4.0,76545.98499040303,9217.74078980886,8046.051185077296,18381.360792222993,Bad,Single,48.0,360
46.0,1.0,95190.28609993808,41984.405125866586,,18249.82110721909,Average,Single,24.0,630
60.0,4.0,60511.42535352348,4932.063588170062,23712.940131920506,15160.749897371752,Average,Single,24.0,450
33.0,,76505.50508159118,20384.885700475414,,,Bad,Divorced,48.0,382
32.0,,56985.66112199662,42997.30329948542,11978.359341843756,,Average,Married,48.0,511
42.0,1.0,,17898.32480807124,2099.468457896039,10310.372106351822,,Divorced,12.0,466
31.0,,86137.14488463744,32011.05447868152,11694.437749804814,10619.97556014534,Average,,24.0,518
39.0,1.0,64560.75551513354,27261.543602575875,19940.139837503597,17621.583720823026,Bad,Divorced,36.0,410
45.0,3.0,111746.26599011914,48743.95438431067,24741.605713789864,4972.4520137319,Good,Divorced,12.0,656
52.0,3.0,78037.90662024647,,8954.277109402798,20922.90210193941,Bad,,48.0,406
41.0,0.0,86555.07077715867,18730.385559481005,7023.33255669686,16431.663631489515,Bad,Divorced,60.0,422
60.0,2.0,126898.72018840302,31542.142057661855,6183.298723120725,27489.73865382905,Bad,Divorced,,482
59.0,5.0,104940.89719926538,8878.490748662885,7318.739732020163,19771.730281076867,Good,,12.0,567
56.0,5.0,34097.5469963934,,7025.067664774684,,Good,,12.0,540
,2.0,136863.44096175564,29587.5265583986,22510.379167403484,10474.123111940768,Good,Single,,691
,5.0,20402.30150144964,30204.512251416894,,17545.588341964107,Good,,36.0,437
33.0,2.0,121324.00248673421,41029.67527429297,10039.999799592708,39.83725673892158,Bad,Divorced,24.0,503
57.0,4.0,,,,28945.362195820475,Good,Divorced,24.0,459
35.0,1.0,22049.428685911513,44033.660532906804,10936.733924081376,23761.41434198862,Good,Divorced,24.0,557
25.0,2.0,60290.68490193959,31058.21805914016,11082.960388358337,7742.7781065904865,Average,Single,24.0,542
30.0,1.0,22874.14242472694,44555.83645439858,17632.662970699825,,Good,Single,36.0,589
28.0,0.0,101558.29125021976,47917.97813210564,461.34932466843634,18845.025481213175,Average,Single,36.0,661
58.0,,120156.09502325856,,11888.904956394681,6185.421798878479,Good,Divorced,48.0,547
41.0,4.0,38086.53139502897,2769.939065058212,19548.405138412494,25105.256372381806,Good,Married,24.0,506
45.0,5.0,,28045.101175950058,21964.670442190745,,Bad,Single,24.0,345
70.0,3.0,,4395.079738480641,,13589.990308497252,Good,Divorced,48.0,521
38.0,0.0,98256.49039006155,5850.540405545753,,,Bad,Married,48.0,492
56.0,0.0,112270.52183701895,40186.77286478342,899.4297589794836,13578.261798386366,Bad,Married,12.0,610
64.0,,,30001.941320573955,23748.143083454208,12526.360902044475,Bad,Single,,411
60.0,5.0,143683.97815587456,17943.18995822443,,14400.412175668509,Average,,,497
19.0,,47610.027422687184,16509.402392237756,15119.646241120343,12043.203484970905,Good,,,536
38.0,3.0,104638.91712539669,27338.719191277934,16126.73605454715,27488.460840724158,Bad,Married,12.0,514
70.0,5.0,,,11973.984293767839,19171.46661296079,Bad,Single,12.0,455
32.0,1.0,96949.31668858649,29196.738927789436,19578.21582683059,1813.7922585826948,Average,Single,60.0,577
35.0,,36936.93853541542,4551.770472784711,2268.114749649597,8865.04931349889,Bad,Single,24.0,338
40.0,,,20065.158995154536,20161.60138818684,,Good,Single,12.0,613
55.0,3.0,119730.65526209823,7612.731230280786,5788.530097582254,20720.78560727185,Bad,,48.0,464
,,66996.73211401275,,7948.516565596139,28951.633680946583,Good,Divorced,12.0,589
59.0,3.0,30712.85566645752,22926.92415810999,11741.45140800025,,Good,Single,60.0,496
47.0,0.0,,41261.089128064865,4617.265946102436,2331.194898580391,Good,Divorced,24.0,734
28.0,1.0,52878.47176417973,18596.419870979655,13592.624038423737,25130.752651409035,Good,Single,36.0,577
21.0,,57350.73196117015,17765.50149892471,10459.787172860139,22802.04085815865,Good,Divorced,24.0,491
62.0,0.0,,27301.52297150234,4024.181184728812,11280.742304890511,,Married,60.0,581
43.0,,114374.5408677083,31650.07643838611,13346.365913655674,12966.232593638926,Good,,36.0,625
27.0,2.0,32389.689883772644,9837.030482454238,11658.6333149253,6656.595348565609,Bad,Married,48.0,372
,4.0,56775.821065279815,4078.700134308139,9944.97383151042,18305.3075013651,Good,Divorced,12.0,473
30.0,5.0,114290.58876408482,44940.78625619712,257.83823671829964,12846.663267010978,Average,Married,24.0,612
43.0,3.0,62984.69558903752,9896.101861879302,11518.275835834418,24738.761959413514,Bad,Single,60.0,353
21.0,3.0,48012.22326660752,22968.222424921463,7402.989434002621,16608.676273461042,Good,Married,36.0,569
37.0,5.0,139921.97495951044,,21231.9060652424,,Bad,Divorced,24.0,460
32.0,2.0,61711.20046073825,17311.398538001606,11609.462508548415,11667.22684657633,Average,Divorced,,446
20.0,1.0,35507.03425361407,19557.185564791725,10043.994365306835,5415.377303903777,Good,Single,48.0,546
39.0,5.0,43324.810263974476,19375.617492381924,,9867.852936648342,Bad,Married,60.0,336
59.0,3.0,26255.22328051782,27873.879179439176,23555.849531499967,25118.22507055598,Average,Married,,490
19.0,,22477.953735556293,16835.94666412971,20862.913156312174,16996.436245628174,Bad,Single,48.0,343
21.0,,128337.84047584729,43843.46341377192,,6198.166038292628,Bad,,60.0,548
47.0,3.0,115451.14106828495,24395.487613643734,19787.90481264627,6300.7871665259345,Average,Single,12.0,592
62.0,4.0,90818.56091513326,18829.515082605987,,29998.916065786474,,Married,,608
29.0,5.0,80055.10647327876,39710.98871295857,,7348.169026114569,Good,Divorced,36.0,536
44.0,2.0,88067.66907374279,13909.365236946094,6679.204177632781,24071.034640880873,Average,Divorced,24.0,505
24.0,5.0,67988.91327047005,18953.43756491533,,,Good,Single,60.0,498
26.0,1.0,24208.317112969613,18267.901145206633,22093.337736433037,22800.98948365327,Average,,60.0,458
45.0,2.0,138710.02549227548,,15897.733034127592,22371.347825611,Average,,12.0,687
38.0,1.0,70802.72755820554,35208.70342828375,24492.811721469938,28383.532856892172,Good,Divorced,48.0,584
57.0,1.0,86541.48095082713,35847.666135766565,7013.45545023754,8997.859092682194,Good,Divorced,24.0,627
33.0,5.0,109733.2812876984,46574.79146021015,,5730.8434912194725,Average,Single,36.0,569
64.0,,,40299.54846588806,22673.962427638766,23151.86909811146,Bad,Divorced,48.0,419
36.0,3.0,33024.76069595361,13585.810658108812,20913.64178487027,5.309876691043103,Good,Married,12.0,551
62.0,2.0,21192.073016437575,33186.60375262878,16154.61554552137,26802.961735867808,Good,,,494
70.0,1.0,104090.00633719635,22309.497323556316,2135.821459287618,24140.683585839248,Average,Divorced,48.0,543
65.0,4.0,68933.11562248715,18924.4586534739,10532.65874700911,4460.7505282424,Average,Married,24.0,519
47.0,3.0,59234.00561503356,49696.13958662294,1384.50237206936,27028.630342233708,Bad,Married,60.0,458
59.0,,59129.076569601646,11822.274875694357,17398.989343003977,6744.657509753183,Average,Married,24.0,532
23.0,,64576.40711661565,5887.935837436,7093.022880568112,,Good,Single,36.0,527
65.0,1.0,42808.97113778641,4811.860624183935,23173.811452278707,13870.788515012373,Bad,Married,36.0,406
35.0,4.0,79033.26463032013,33586.83776307631,9212.470529495964,24537.990974427088,Bad,Married,48.0,442
54.0,5.0,21886.974457792196,44456.20858238359,18037.101138762617,,Average,Married,12.0,498
45.0,3.0,,20293.908392838017,4769.178538517285,17059.14124405853,Average,Divorced,36.0,569
49.0,,58800.61255519609,28797.86493334154,14444.05230881006,,Good,Married,48.0,645
63.0,5.0,63281.1771937829,48703.3210346616,12953.228416045873,6428.375403865261,Bad,Divorced,60.0,351
44.0,,86945.90412202284,35006.227872072945,23913.675690432767,11465.110496344727,Average,Married,24.0,595
70.0,2.0,95389.4614668684,34204.26142562159,15877.618902018285,11749.426818986203,Bad,Divorced,,445
69.0,1.0,78810.10671872477,36649.81451089182,11089.661884169807,15680.834576855812,Bad,Married,60.0,498
46.0,4.0,75876.71636799008,43353.60743958314,22359.506170272714,,Average,,24.0,507
55.0,3.0,144963.7477177758,39034.433578560835,4205.054089303092,3939.1252202306805,Good,Divorced,,661
42.0,0.0,81065.78966113427,33304.12810511276,17439.1383441082,29396.613000164223,,Married,12.0,654
27.0,1.0,34363.902248882616,41444.51799768764,3654.927478997108,20072.23978791367,Bad,Married,60.0,448
23.0,5.0,77737.7877766167,,18433.379286189705,26179.0615451254,,Single,36.0,351
48.0,5.0,39028.61990088042,10810.917570508638,5504.920162993104,,Bad,Divorced,48.0,300
44.0,2.0,28024.333017700144,30089.953092121694,,3628.8567531847107,Average,Divorced,48.0,437
63.0,,47990.35869890796,5982.313785661842,24824.37826171638,20618.220159004595,,Married,60.0,455
25.0,0.0,,45417.5932017312,6388.894255146557,3619.360682237338,Good,Single,36.0,662
41.0,5.0,96862.0630349032,42754.729395675335,5862.289467404921,20356.61806036208,Good,Married,36.0,634
61.0,5.0,140252.28400979674,37112.9214039331,18691.288168230913,19253.228652584578,,Single,60.0,631
50.0,5.0,77310.82628293507,,,,Average,Married,60.0,510
68.0,5.0,93767.528230239,10075.77271715049,19271.67049218398,13209.479728156637,Bad,,24.0,415
26.0,2.0,,37441.76278007766,1791.6130846693661,,Bad,,,478
53.0,,92645.7371804246,,23240.154380787106,10189.121619497793,,Married,24.0,612
50.0,0.0,108250.15249790132,29428.354738747264,,17712.926536044233,Good,Single,,683
19.0,,137281.1712514452,30129.98057327694,10436.102652328089,16754.833539490788,Good,Married,60.0,723
67.0,,,45801.3824431795,6720.730866877647,12661.46464346756,,Married,24.0,561
67.0,3.0,121254.35918212085,33251.51654928102,11815.852767178218,13849.160658856685,Good,Single,12.0,678
49.0,0.0,115695.15973949898,37139.64875100339,,3997.2186267406873,Average,,,698
36.0,3.0,41336.47722348955,22900.196440989752,17758.185905641847,20339.178995373913,Average,Married,,510
49.0,4.0,,30521.40514309324,22396.799644152547,13947.317690289798,Bad,Divorced,60.0,445
43.0,3.0,61776.142847583316,11784.451303490343,19702.756987648863,20437.9775948733,Average,Married,,505
49.0,2.0,57315.66762580254,,9405.45315513908,,Good,Divorced,48.0,496
,1.0,33557.19463368018,29817.317063175167,462.9523642978195,24017.594282234335,Bad,Single,48.0,404
66.0,5.0,124080.33702963937,47271.142224371564,18220.3880918694,11862.81577437505,Good,Married,24.0,689
42.0,4.0,52788.908551669534,21468.571553413643,115.83131497162891,27486.95155398119,Average,Divorced,,423
19.0,3.0,71479.64600206407,29300.304711950215,,11067.02558197374,Bad,Single,24.0,433
,,73998.83251802129,9007.791155406543,6302.388120834807,636.4728254509422,Average,Married,,546
32.0,,139580.9679740403,18445.00555896187,15844.98155601467,4222.31075482151,,Single,24.0,482
24.0,2.0,52973.777979555714,41371.25295303041,2112.6426301691786,212.72597652317037,Bad,Married,60.0,453
50.0,2.0,67377.04562396943,48273.62926472095,9529.504668159609,,Bad,Married,60.0,486
33.0,,21753.537760478015,,,20152.231322475334,Bad,Married,36.0,386
53.0,5.0,32875.06281143089,6752.447169160445,9864.610127254158,1836.3515056658418,Bad,Married,36.0,317
31.0,2.0,53234.84875651348,40152.79285993128,11782.782230235189,22524.28097123362,Good,Divorced,36.0,561
65.0,4.0,128235.89050458524,33916.52010614658,190.8641185334098,5470.013598051455,Bad,Single,60.0,468
30.0,1.0,92256.19095461321,22077.64361205283,711.4306582986729,,Good,Single,,617
38.0,1.0,45799.900433216295,6618.976569129254,20177.644508146615,7648.950392487919,Bad,Single,48.0,374
39.0,2.0,45082.26367048373,13634.393306016527,5610.220769269511,3095.377910120163,Bad,Divorced,24.0,347
55.0,,85995.52723355842,3196.4791204287903,11697.456346895955,6593.951953432832,Bad,,36.0,421
22.0,5.0,60224.41110791565,46887.346542412524,18459.5065174199,863.2686258716715,Bad,,,344
24.0,5.0,33646.447899493716,17040.862259242804,,21191.563089582058,Average,Divorced,48.0,358
32.0,1.0,29567.10833432505,3259.104962623977,24103.712207226155,25960.44018727104,Average,Married,36.0,485
40.0,4.0,91308.31573950399,19686.38971952589,,17732.222314482147,Average,,24.0,481
44.0,1.0,39411.865660318595,16601.16357303031,23341.631193753426,17419.84620251749,Bad,Single,60.0,375
32.0,,23136.236009965254,10414.975414774835,20405.628761848395,16261.397896921475,Average,Married,48.0,421
48.0,2.0,132412.26861126517,45517.958503918766,17902.447859486885,16091.902082246608,Bad,Divorced,12.0,537
18.0,1.0,35059.25076339778,,,23485.614541310068,Good,,48.0,559
28.0,0.0,87779.39473966247,42288.14840375049,20975.11794611374,24265.890080726454,Bad,Divorced,48.0,481
67.0,2.0,139021.55892602017,,10423.97002141924,230.17150338711323,Good,,36.0,694
47.0,2.0,34166.835885591936,27595.263368470853,94.2750006111548,27210.310058445204,Average,Single,24.0,500
34.0,2.0,147415.08441192145,21176.224663185258,12806.109432030808,29785.509761142126,Average,,60.0,568
58.0,0.0,33431.09423012327,46374.18068337961,3106.6029919653156,18104.419475023635,Good,Divorced,36.0,587
,0.0,144180.50830518047,7308.804130391815,24207.10845839612,11828.275395729474,Bad,Single,,556
29.0,4.0,,16058.307152573654,15101.013914133964,,Good,Divorced,,568
35.0,,139240.77465600544,,13896.133549343805,14896.289267925058,Bad,Single,24.0,552
58.0,,129278.35887413111,33359.29381670135,,16410.115726030912,Bad,Single,48.0,459
40.0,,,36433.75862625382,5886.662358410805,1297.6648945041413,Bad,,24.0,382
58.0,5.0,75632.16730456907,6727.264039781019,2311.7577260060084,11497.159153546609,Good,Single,24.0,514
45.0,2.0,141184.4870630871,15899.382511267606,,23522.395094841828,Good,Married,48.0,690
29.0,1.0,52647.66715201456,35049.443736149704,7599.71074775245,21559.73198464,Bad,Married,36.0,480
57.0,1.0,110694.02519249667,39290.09342161145,22090.716180842766,8945.098036947615,Average,Married,48.0,656
25.0,1.0,,24897.329350338292,,11777.726569607687,Good,Single,48.0,653
43.0,4.0,26569.283522152207,35506.653777757914,6049.11276780736,23876.76633900389,Average,Single,36.0,456
22.0,1.0,114556.38305383894,,6045.013694174475,4104.099886006827,Bad,,60.0,420
62.0,0.0,99349.72001031238,19091.33034507782,9062.342351887539,16162.467380504384,Average,Divorced,24.0,570
46.0,4.0,39901.30815539231,11363.020497691843,,23393.439412398664,Average,Divorced,36.0,385
56.0,4.0,,41779.73257517058,19221.418690554583,8323.011560836741,Average,Married,48.0,525
21.0,0.0,63589.93229340479,15366.426914139156,11818.941743781003,4090.151374644795,Bad,Single,48.0,435
48.0,,100888.42994111769,,,15849.12851035588,Good,Divorced,,615
28.0,,138251.83594729958,49307.89069404989,8250.405082901654,,Average,Divorced,60.0,552
57.0,0.0,118264.38369321833,11621.613391913914,,16985.731710273558,Average,Divorced,12.0,590
68.0,2.0,108365.25072355273,7257.218410566164,,16273.962583466535,Good,Married,24.0,649
63.0,,25469.110909747127,43082.40369779139,,20924.97980378225,,,12.0,400
38.0,5.0,121463.58761769198,,14446.25802952545,28012.400383194978,Bad,Divorced,24.0,422
28.0,3.0,147806.63903535414,49410.3356450463,12451.9517476906,11995.396374873559,Bad,Divorced,24.0,535
40.0,3.0,,30407.963555440838,10966.600278105778,6136.483075729575,Bad,Single,,427
31.0,5.0,145961.0280541691,6331.5686046552955,9557.81493894308,14350.322807871838,Good,Single,36.0,597
65.0,5.0,,41241.04668436951,,4351.164875433679,Bad,Married,12.0,426
49.0,5.0,47697.83468587677,49414.79681858572,,18639.85638323081,,Single,12.0,572
69.0,4.0,148825.44069986342,9307.085201808995,14970.799894577782,5901.399360496602,Average,Single,60.0,547
50.0,0.0,65171.740382681164,15128.094929749788,9346.51360885905,25372.11133732107,Bad,Divorced,12.0,427
64.0,1.0,135711.5361353934,31560.44134284248,490.4521271337892,9901.589728862651,Good,Married,24.0,754
41.0,2.0,148778.71576211893,19181.666961830866,11556.774034050943,4690.464487530934,Bad,Married,24.0,566
53.0,0.0,49540.834643122886,36144.60336981626,20342.055756780526,,Bad,,12.0,518
49.0,0.0,113359.53173602604,1493.9145114934586,14026.301408195219,27120.206435722932,Bad,Married,60.0,494
27.0,4.0,104192.70010291133,47120.76927553827,,10642.299733310801,Bad,Single,36.0,483
37.0,3.0,100582.0640955627,1038.270915385462,5295.103050779964,,Bad,Divorced,36.0,366
61.0,1.0,53859.96541927241,,24093.48537675547,,Average,,36.0,546
25.0,0.0,69133.68411171008,42742.02913761613,3701.6354809188383,,Good,Single,48.0,657
,4.0,46767.27894842881,2765.9189538699648,6029.127240947646,19831.13693567131,Bad,Married,60.0,327
43.0,1.0,87279.02169144247,,21983.886497827298,17516.24551789721,Good,Divorced,,593
27.0,3.0,67763.9820202239,36347.60049548121,,21609.38739130005,Average,Married,48.0,553
30.0,2.0,63748.094934648776,23783.37149446358,20259.55458850379,14710.30291364464,Good,,24.0,552
62.0,,36419.7001559904,31380.815716310553,22391.758957215105,,Average,Divorced,36.0,441
38.0,4.0,32770.06497617679,24751.348445903077,,,Bad,Divorced,60.0,300
61.0,2.0,115271.71432279899,,22459.703969325958,,Average,Single,24.0,629
56.0,5.0,121308.60965872464,,24556.830074514204,4221.719246719387,Good,Married,48.0,620
60.0,,116259.63142201318,49892.6129719784,17119.666315317245,23039.43884592712,Average,Single,60.0,644
44.0,0.0,94291.54268753462,47144.930476970054,2619.1126283266335,4864.18249346078,Bad,Married,48.0,570
48.0,3.0,84747.00310126456,3193.1542401487263,,19977.86021303903,Good,Married,24.0,589
25.0,0.0,,14375.101083028876,9887.552606854382,19191.274717475862,,Married,24.0,579
50.0,0.0,,31574.83418270678,6452.791440203301,28365.075130340043,Good,Divorced,12.0,598
45.0,3.0,68688.98443724209,,20976.98769470251,25600.63017655955,Bad,Married,48.0,432
,0.0,73451.36067046889,21025.948240174115,22801.870603335377,6144.863744081425,,,60.0,479
42.0,2.0,,37268.675598764,9249.306352746567,22754.974569398528,Good,,12.0,603
24.0,1.0,71407.92325138622,49237.122156149744,841.9836002222459,27447.912455404312,Good,Single,24.0,673
42.0,3.0,,12595.700644395354,,17839.78461163189,Average,Married,60.0,560
66.0,,,23936.53788906046,5331.156018638622,6993.878012850444,,,12.0,599
31.0,1.0,132685.7542888711,5816.360050592035,22527.682519151913,7708.944530698692,Good,Single,,638
46.0,5.0,33814.54387979336,6562.699815504495,18953.842362014715,28414.02014304097,Good,Divorced,60.0,388
38.0,3.0,30689.381615204242,25959.771402819548,17967.01197383481,28361.982602269465,Good,,48.0,542
29.0,1.0,137132.0512829955,2769.5719429780956,19543.331416054163,20061.038777808255,Bad,Married,36.0,528
34.0,5.0,107265.4963743814,37864.81378006541,2803.4682485246126,,Average,Divorced,60.0,488
42.0,1.0,102790.69921859476,37554.63952862002,,19980.525749829245,Average,Single,,642
46.0,1.0,31209.32115166086,7302.511731594637,9049.444123668512,24224.89467076899,Average,,24.0,506
59.0,2.0,67465.6670873698,5340.952672984888,13899.512126167785,25130.783145402856,Good,Married,36.0,580
23.0,3.0,,,,8240.621305410928,Bad,Married,36.0,570
19.0,3.0,82872.16016641038,40988.965509585214,17808.054605203884,8486.997927765824,,Single,,482
45.0,0.0,56365.938426364235,,19226.19215323877,16253.478166297342,Good,Divorced,48.0,539
68.0,,,36235.41668616538,24384.097565795986,,Average,Married,24.0,643
52.0,3.0,65144.60755485484,20230.62697361238,14068.964830874083,28672.975614498104,Bad,Divorced,24.0,367
67.0,3.0,63108.36970614372,13990.294846421246,22018.777608391953,1057.1672315313697,,,24.0,492
29.0,5.0,71760.09039350184,39613.23264032117,6340.84729739611,10103.276593265515,Average,Divorced,24.0,474
20.0,2.0,126201.67189825806,2119.200973215913,15973.449597622219,8863.679130384662,Bad,Single,60.0,442
64.0,3.0,89191.2293893519,7373.218202337389,21167.686636518098,641.1523688546195,Bad,Single,24.0,413
59.0,4.0,22753.212321955078,22838.555909785322,,2807.196237523675,,Married,36.0,356
59.0,1.0,68485.19212712049,3544.377985562888,9594.289086002356,,Good,,24.0,538
37.0,3.0,136145.0154075327,29210.86661871853,6728.324676082312,14753.924763922127,Average,,12.0,589
35.0,2.0,,29833.59409788597,7608.356605744987,,Bad,,36.0,475
36.0,2.0,127047.33396427734,15870.261352725809,4509.163781203621,1695.2690201841958,Average,Divorced,12.0,571
50.0,0.0,101573.1298745229,,7761.886397761281,24580.267849347198,Good,Single,48.0,647
58.0,0.0,,23906.843907062947,10216.005039531168,5049.0075611783805,Bad,Divorced,60.0,444
53.0,5.0,128310.65690858458,21428.53134259146,,17222.117371237033,Bad,Divorced,36.0,403
58.0,4.0,23708.07378674879,23313.524790525433,11162.119102860399,11724.17281915201,Bad,Married,24.0,368
49.0,,127211.94789208719,29932.01422510277,,2682.9475373685186,Good,,48.0,659
68.0,3.0,,18819.989869985387,,15506.40241177857,,Single,24.0,577
64.0,,43477.164222219246,45535.986946111625,,26960.315800645352,Bad,Divorced,,459
53.0,5.0,94856.0470818643,8986.049412670858,,13529.682137294092,Bad,Married,60.0,384
69.0,1.0,142154.05264303583,11444.786063816182,24486.740296653665,22970.111515836106,Good,Single,36.0,682
30.0,0.0,115238.1151813401,49894.931986114076,,26345.375473451597,Bad,,48.0,573
25.0,4.0,,21405.926698159503,,14713.569086915293,,Divorced,60.0,385
67.0,1.0,,16513.530651966284,13697.973515690228,11534.265806916354,Average,Single,24.0,652
,1.0,124789.23061392803,28630.50717911408,7035.527871446648,5345.719489942392,Bad,Divorced,24.0,503
64.0,0.0,,2579.649382242069,12547.261154782249,11208.100308998002,Average,Married,24.0,669
37.0,3.0,56163.71433562462,,17908.098509582705,7753.932336247761,Bad,Married,12.0,416
54.0,1.0,,45389.73515276855,11339.989771383993,25823.574880948243,Average,Single,12.0,638
69.0,4.0,72335.56256023985,28141.45745651157,20875.083429113256,135.46986889776514,Bad,Single,60.0,382
66.0,0.0,129708.61455759284,,13963.471820575334,10169.193167587468,Good,Married,24.0,725
21.0,5.0,65212.00589991106,,24480.790827567293,24391.92844330822,Good,,12.0,520
41.0,,59902.375397368516,39495.848652143635,,,Bad,Married,60.0,478
53.0,3.0,,41928.031995003366,13442.416053132278,20388.72199696666,Bad,,24.0,544
33.0,,34300.65183426674,40116.96208898216,,15917.628777801528,Average,Married,24.0,535
32.0,1.0,147441.62900455797,49936.59158782796,19865.17664416567,22628.95502982856,Average,Single,48.0,696
33.0,5.0,76768.05865703669,42792.86703340435,9256.63894243062,2213.4086306581767,,Married,,627
18.0,2.0,21129.34776459525,,17444.5400062768,28207.579749158678,Average,Divorced,36.0,406
50.0,1.0,,5794.186855239345,12042.99449268411,8121.074120758929,,Married,,552
52.0,2.0,,35943.55150174463,15029.216302925455,23855.517135868275,Good,Married,48.0,600
50.0,2.0,83684.71380234513,18232.569751685915,18608.935576782416,,Bad,Married,36.0,468
36.0,0.0,107556.18418038488,34150.71931419399,17652.05114300646,5569.393323976915,Average,Married,60.0,651
36.0,5.0,111102.3821790035,3952.4554201115147,1609.9159428951903,26831.533336926466,Bad,Single,48.0,376
48.0,4.0,143967.50106396677,45462.07490395355,20340.587774982563,22001.19858530619,Bad,,12.0,552
58.0,3.0,134653.71972082322,9851.94332993464,21404.723240717525,12932.091662714523,Average,Single,24.0,579
58.0,,24248.158939543828,,5075.031755743792,6346.8181178996365,Average,Divorced,,341
59.0,,128161.4254821073,4577.909983706675,4385.875639197986,19483.198622654494,Average,Single,24.0,620
46.0,4.0,64895.131245501514,14696.21342526722,21263.128899318075,15912.087342888364,Good,Single,48.0,515
67.0,0.0,130837.8346629289,44172.96603242205,,19815.20567416557,Bad,,24.0,562
54.0,4.0,127080.35428381061,,8098.554773566977,2833.777465521976,Average,Married,12.0,596
44.0,4.0,139031.21804171943,5413.887595012589,16549.09728603848,2144.6670187264394,Average,Divorced,12.0,526
57.0,4.0,54540.41394406983,,20121.518851489156,3555.7140922049325,Average,Single,60.0,436
47.0,,21349.550163096996,25443.588980756675,22589.775524064953,15195.931140095123,Average,Single,36.0,409
49.0,4.0,54373.93884586994,,4339.750949859194,15879.840245970709,Bad,Married,48.0,423
53.0,,34540.7747586869,33983.40408414976,11441.069589457991,23608.10400743882,Average,,24.0,484
67.0,2.0,119485.56713715733,45662.00138326123,,2908.871078435572,Good,Single,12.0,720
,1.0,108853.21380298155,42333.95827570331,19610.275930748496,8178.538084197185,Average,,24.0,609
69.0,1.0,,43695.10439247,7107.308899406898,17941.75501362851,Good,Divorced,48.0,693
26.0,,26757.978238745323,4316.508443180215,,8621.276952762682,Average,,48.0,404
31.0,,112983.72251318172,43491.277592660685,256.1375103427882,18147.882920811964,Bad,Single,12.0,567
58.0,,128331.62689763351,,17024.85249852848,3551.285591467537,Bad,Married,24.0,524
32.0,,30015.39051788879,,,12641.557288527421,Good,Divorced,36.0,470
37.0,,124090.46840299334,48298.98575767739,16822.4433928951,12405.968149428503,Good,Married,,752
65.0,0.0,99619.50683220444,21232.563032425733,14519.616333977145,988.7443072406621,Good,Married,36.0,695
70.0,2.0,96352.94314218813,32199.180514874864,11427.989087260848,17459.5172699973,Bad,Divorced,12.0,462
28.0,0.0,58556.91324471698,30149.161257230386,5983.929028273602,25777.428651984468,Average,Married,48.0,588
21.0,5.0,52895.75782821601,11568.364601447081,,,,,24.0,463
43.0,,74468.09837928152,5974.8870789555995,,22162.949848373246,Bad,Divorced,24.0,331
62.0,4.0,132262.186818855,18218.68540447659,22142.899939044208,13532.62657208116,Bad,Divorced,60.0,402
64.0,3.0,128921.20010676191,37834.618260468524,14029.487466056458,12663.569406295259,Good,Divorced,48.0,627
21.0,1.0,126627.63604781212,22753.877725136867,10859.68580664024,,Good,Divorced,12.0,664
,0.0,75157.13469399448,,8193.611383284118,27045.990404356155,Good,Married,,665
38.0,2.0,,,1040.8587407853997,10782.691907910008,Average,,60.0,590
60.0,5.0,143135.18361304043,19216.640772012855,23144.26201125588,25647.036195042005,Good,Married,60.0,629
66.0,0.0,,2944.576893860586,1813.2506214630585,10419.611614071606,Average,Single,,535
27.0,3.0,99120.77455663084,21650.83585857391,3261.391971891531,11274.015199766396,Bad,Married,60.0,455
30.0,1.0,41634.732071493425,24225.187396726767,21773.419005284515,19895.499076930486,Average,Single,60.0,493
57.0,4.0,128492.58876304596,,21456.58539579776,1155.5839832266356,Bad,Married,36.0,494
45.0,5.0,105289.98733129898,28240.093776310485,10316.379137955924,26679.853261118835,Average,,36.0,556
26.0,3.0,90292.04909470862,39366.94647312604,28.00575106530756,19586.4529193078,Bad,Single,60.0,449
33.0,1.0,34751.673346630865,25619.143169981748,10723.232087419003,20190.941562960765,Average,Married,,527
20.0,0.0,64579.168107565485,12076.464557375952,24017.05591459268,17036.54183045215,Average,Divorced,12.0,520
42.0,0.0,113754.5493836091,,,17700.834162846037,Bad,Single,,507
26.0,1.0,139983.76473372162,14445.882609953003,,8817.224646253928,Average,Married,48.0,645
19.0,4.0,56453.98290645487,5113.5053376376345,10067.0663882605,25372.014655028976,Average,Married,24.0,475
63.0,3.0,114666.52148842177,12706.114566459308,6565.336162019436,6330.936185461066,Good,Divorced,,588
65.0,1.0,109831.99799663066,17775.034924844545,191.84021322633248,27279.83886268584,Good,Single,60.0,631
19.0,3.0,73216.37230530327,46774.282639906865,,6539.063052522492,Average,Divorced,36.0,521
69.0,4.0,140706.67314557446,43191.30813260671,9293.71221945476,27987.601206353964,Bad,Divorced,12.0,503
22.0,5.0,51412.86295760702,27790.866449035766,,14852.618320141291,Bad,Divorced,24.0,324
56.0,5.0,97057.87207156779,41512.396947835965,8559.726403877812,27225.832407269212,Average,Single,24.0,552
20.0,2.0,,7008.167609272334,,27981.05783898682,Bad,Married,24.0,405
44.0,1.0,103055.30479075322,3276.2701499267823,9733.120903434834,11971.149142766204,Bad,Married,,493
63.0,,130365.151454543,2289.2443850067984,1687.1739568139838,,Good,,36.0,638
18.0,3.0,59025.466229046615,18724.612376180055,18566.718645613764,25376.0081014927,Good,Single,48.0,536
,1.0,,35416.267274715625,10219.181358444526,23158.448958126242,Average,Married,12.0,565
18.0,3.0,97276.90835752449,45021.756962241176,22632.958944682832,1174.449511373601,Bad,Single,48.0,479
56.0,2.0,135230.63875096064,,6373.6572411349,,Average,Married,48.0,626
48.0,0.0,29451.973207759787,35396.07817582742,22370.078223243094,583.7272653478765,Good,Single,24.0,610
36.0,,121150.1822127087,19154.393320813222,10161.616421618552,16769.48784864484,Bad,,48.0,459
61.0,3.0,133768.72225947428,9364.62230068588,13488.276464885776,5967.542686225127,Average,Divorced,,517
26.0,,149988.00996087276,2106.370392148531,6802.723211278161,2704.617590749876,Bad,Divorced,48.0,484
34.0,1.0,51260.34512012321,44287.302165586414,3217.964428275105,7116.385775651056,Good,Divorced,60.0,566
27.0,3.0,34816.704766514,37188.96900591739,23235.732222933704,,Good,,60.0,560
42.0,0.0,38194.71751943881,14522.950359777997,7144.695560110198,27943.366156255997,Bad,Single,,429
66.0,0.0,44227.74704766438,2011.6486819612296,18410.160545209856,15994.335649877981,Good,Divorced,24.0,522
30.0,2.0,66756.46983450014,12425.097814238452,13002.018673347851,5719.044354421479,Bad,Divorced,,363
43.0,5.0,41994.392164241566,45561.886617789714,22929.09184470119,20202.690112223096,Good,Single,12.0,557
36.0,1.0,52819.52489545869,34840.949783038384,10877.24238384988,26670.52507868245,Bad,Married,12.0,500
32.0,,29551.83324056025,8503.466777841717,8666.037059204426,12955.09048776334,Average,Divorced,,366
50.0,3.0,76474.63729344957,30965.9172397724,19580.24163020271,,Average,Single,36.0,533
,,45098.27028681686,4005.2376265008043,,9906.637480076142,Bad,Divorced,48.0,300
55.0,,63619.36536135066,37936.23782698965,18830.572534000352,9270.636838768294,Bad,,60.0,450
49.0,3.0,47985.17211779413,30383.358136284245,11588.842591374774,22054.842323853674,Good,Divorced,48.0,504
40.0,4.0,28690.6745291489,,,11134.817376977584,Bad,Single,48.0,342
67.0,0.0,33830.01371842159,27667.755920348958,21151.90249201209,,Average,Divorced,24.0,500
26.0,4.0,147860.9184585304,35831.63569738248,,,Good,Divorced,12.0,658
69.0,4.0,113799.10342201332,47776.09918842569,,813.6325814389212,Average,Divorced,12.0,577
26.0,,48530.61359601103,45299.69013449469,7893.8349494221375,25931.235394471772,Bad,Married,,525
19.0,5.0,85229.33850362356,,4587.03033627185,29700.52404289165,Good,Divorced,24.0,476
,4.0,43442.33184032017,23377.575490133833,11368.014420582927,29135.76450433381,Average,Married,24.0,494
59.0,1.0,53231.628861057885,17590.41330594628,18140.62263424137,11106.9753223867,Good,Married,48.0,596
53.0,5.0,58332.44014777579,,19022.481345454908,14731.204363709336,Bad,Single,24.0,344
29.0,3.0,105100.21755044877,46480.806792390504,20460.127849597782,3696.31537168847,Good,Single,36.0,663
54.0,0.0,,18446.12339236893,10858.116304757246,4041.6225261833138,Good,Single,36.0,615
,3.0,65219.80345527304,,,6045.059753241492,Average,Married,36.0,563
27.0,3.0,130678.03400236265,49056.444110268225,8898.122086654264,26103.274749262688,Good,Divorced,36.0,662
49.0,4.0,88264.5066194406,42778.1919320962,9847.471470079456,25735.393141502842,Bad,Divorced,24.0,423
60.0,1.0,26279.45301030676,35459.081606231404,18210.34688919346,25471.016985612394,Good,Divorced,,555
39.0,0.0,127560.49779315069,44922.71005366629,22744.381502910528,27537.885161188155,Average,Married,36.0,719
48.0,1.0,41333.400682040556,19944.39366199446,6082.364897727657,15025.356963241526,Average,,12.0,524
47.0,3.0,58243.365151012105,39862.16270691936,,8435.953999510186,,Divorced,12.0,567
24.0,5.0,53251.31939208002,21154.944537515297,5412.725111575942,14557.299235095641,Bad,Divorced,36.0,303
29.0,,28686.659006968075,22861.834232850633,,29481.86341765672,Average,,60.0,483
46.0,,134304.5573349605,32622.635801890974,23343.39072905014,24769.486833548894,Good,Single,36.0,694
48.0,5.0,74356.70424425295,44812.90014128679,,27081.465979973185,,Divorced,60.0,518
64.0,0.0,28846.600653380658,49165.12773719203,7436.103601150035,1069.986751957912,Bad,Married,24.0,506
66.0,3.0,,23891.97313384568,12720.599779635728,22547.986046373902,,,48.0,545
24.0,5.0,,,,18078.97698191683,,Single,24.0,538
66.0,4.0,107728.20248520216,47749.77219780105,3666.255701829857,28774.944190462324,Bad,Married,48.0,509
20.0,5.0,,43014.70259084249,16568.141036096098,21739.07832248536,Bad,Divorced,48.0,388
45.0,4.0,23106.765673672708,34095.52750597059,14030.197031955006,16528.589712138462,,Married,12.0,499
30.0,4.0,129059.87888697918,,,7612.385414447681,Good,,12.0,702
50.0,1.0,,14893.526356487848,12842.256118008869,20389.874499490426,Bad,Single,,489
61.0,3.0,128250.68523715725,33468.30429545524,2936.2798195038813,11191.102195453643,Average,,24.0,647
47.0,0.0,119568.4254589152,3811.7115435532014,,,Good,,24.0,627
58.0,2.0,102131.45738046273,5345.185357357079,14228.814247179589,460.53736194842764,Good,Divorced,,566
55.0,3.0,115597.95845639218,11997.337298836122,16997.359405956293,28869.799145916346,Good,Divorced,48.0,558
,0.0,140315.50850190956,21204.150749356242,2625.5487210830265,5644.807652166421,Bad,Single,36.0,559
25.0,0.0,96700.6539339129,8480.93697796549,20734.46613272868,,Bad,,36.0,435
40.0,3.0,93415.75115961113,,6377.200623411677,18986.603495191455,,Single,60.0,431
21.0,,76296.41335539888,,10795.352223638172,6544.985900757908,Average,Divorced,36.0,477
35.0,,32788.14350490509,5557.286124092542,15506.302513419709,28586.294481053992,Bad,,48.0,300
66.0,5.0,64815.57585088203,,22597.68058128374,22349.464984677783,Good,Divorced,48.0,489
38.0,,144166.17632796435,21077.402298918427,19361.816356372,4195.069198758381,Average,Married,48.0,664
52.0,4.0,,,,14662.19846529234,Good,Divorced,12.0,481
70.0,,75771.31955945634,37722.41512891634,1202.6137063846088,9809.402219820273,Good,Married,,596
39.0,,112627.25114788937,19143.832235199796,11206.813577949146,21434.714798652072,Average,Single,36.0,618
