Age,Dependents,Income,LoanAmount,CurrentBalance,PreviousBalance,CreditHistory,MaritalStatus,Period,CreditScore
46.0,4.0,89237.24381767517,-28723.56685955889,-2687.6001971683468,-10085.527750932606,Average,Single,24.0,433
31.0,,161053.82875335033,-77012.62995195389,,58875.155120520234,,Single,60.0,498
21.0,4.0,13061.079530939143,11707.038597343322,,-15403.029560423094,Average,Divorced,24.0,341
62.0,,-92301.168510846,113412.65597236496,51995.74443336755,-23657.150227495727,Bad,Divorced,24.0,314
56.0,,,-3517.567523464697,16297.174844867193,-44340.3698008092,Bad,Married,60.0,300
36.0,4.0,-160150.19229044736,1831.0592409555056,12800.629378010464,20468.844702914917,Average,Single,24.0,300
60.0,,357014.9657790472,-97776.13880078026,5921.9545196897425,,Bad,Married,12.0,784
18.0,0.0,137470.76387836365,-34675.62285244302,-2332.482588720694,3573.4308715520956,Good,Divorced,24.0,627
34.0,0.0,112901.74835239312,159.32445828651748,20858.966179906973,,,Single,12.0,672
40.0,1.0,,-23194.411376590426,-30331.392031218853,13354.219272036198,Bad,Divorced,36.0,388
48.0,5.0,58824.69471297593,-86387.44639348295,-1457.1805467576041,12907.948024566063,Average,,24.0,300
,2.0,322532.5511047037,-9057.80489759813,-13442.840584565787,-9028.57388181848,Good,Divorced,60.0,850
39.0,,71848.34397323974,-25587.181931505926,16486.619061748024,15876.847612158694,Good,Single,12.0,548
57.0,3.0,-52197.44742017682,-119870.94129218093,,-21544.728393091238,Bad,Divorced,36.0,300
67.0,2.0,-36258.97997747104,39704.38835302622,1833.6507753281214,-22575.490478907745,,Single,12.0,392
,5.0,156969.50474638474,42807.703212071254,,,Average,Single,24.0,681
,3.0,-262937.2471055276,61463.78775354192,839.030929258165,,,Single,36.0,300
57.0,1.0,-48103.41702090089,41663.452615577495,,,Bad,Divorced,60.0,300
41.0,4.0,51578.047757032706,92289.10046601685,3099.435170522228,-6383.809885075015,Good,Divorced,36.0,575
25.0,,-18372.15025176983,-38855.80875906517,-6659.336357860881,6121.571260724463,,Single,24.0,300
,4.0,1128.1378413255625,104481.6799814069,2391.2065790165257,6794.630056330352,Average,,12.0,517
55.0,5.0,350519.3832880494,-48070.503624015306,-19535.2231340457,-15784.998687450983,Average,,36.0,850
30.0,1.0,-127650.71393393647,,-2188.0025266154053,23522.677836808532,Good,Divorced,60.0,300
39.0,5.0,-27310.094266348766,-39288.843115052856,27414.61096408517,25599.44119183416,,Married,60.0,300
42.0,,-138738.03032124808,-36868.182007783435,28259.99142410574,50277.472662478605,Good,Married,48.0,300
54.0,2.0,-53754.097873092906,36623.466166596205,3334.869958113834,-780.7507134103722,,Married,60.0,325
47.0,3.0,-45480.99899520373,82678.22344200018,-42946.719804490844,,Bad,Married,36.0,372
,0.0,,60524.4797405309,43308.553610108305,10307.598067729145,Bad,Single,24.0,850
32.0,4.0,-49599.359847390864,,,-7829.833382926815,Good,,12.0,326
43.0,1.0,63847.837277514795,,10938.762720102848,32498.69609584671,,,24.0,300
30.0,1.0,89700.51338639726,57303.52211589095,11164.614779279027,4057.209482855446,Good,Married,12.0,740
36.0,3.0,-150367.75438947167,-68814.70586665176,,-38317.16131662662,Bad,,,300
38.0,4.0,-9796.432527121604,-31217.77221752032,,-49347.32436207282,Bad,Divorced,24.0,300
52.0,4.0,-52968.93800262785,11558.601776889307,37566.41697315615,-65350.89415922474,,Single,36.0,300
42.0,,31798.242396498645,36519.99455157746,,-35750.05313122851,,Divorced,60.0,516
67.0,5.0,-346152.40783600236,74535.86819600443,,61483.19481274735,Good,Married,60.0,300
,0.0,-197968.93853769702,3976.817413160645,7042.787715008037,10003.545364990034,,Married,48.0,300
52.0,4.0,-23458.31921197057,-75985.6115209471,,55996.10407672971,,Divorced,48.0,300
,5.0,188397.2288485492,-12412.274420614636,48245.62943608156,51090.30330581413,,Married,,677
57.0,3.0,383948.77670644486,56088.7466919844,,5771.808920892768,Good,,36.0,850
35.0,3.0,-84444.69975593165,66122.08414544683,14271.454153917342,12806.168713166297,Average,Married,,300
22.0,0.0,117033.73618748528,-99947.1023532791,,-49612.85021179916,Bad,Single,,430
57.0,4.0,107575.87073822117,-7974.172006678751,,2003.1135167171321,,Divorced,60.0,449
43.0,2.0,-180177.15393164934,86509.41145187695,73282.96336518553,-10256.133793145838,Average,Single,12.0,300
44.0,,-60545.5481502351,35183.883006651435,1075.8474129711863,-28810.890766865337,,Divorced,60.0,300
,,-81169.99392548416,102454.61054903206,-22860.950327612707,12488.339001953795,,Married,24.0,504
69.0,0.0,,165.8985531405841,-21965.228605070162,-52158.61500283892,Good,,36.0,316
67.0,4.0,305190.2257972554,37932.270526225904,,32674.306084187694,Bad,Single,60.0,850
28.0,1.0,19072.336915302127,-37864.37958573113,32251.243463935687,-34664.191732005675,Good,,36.0,380
,2.0,86147.95129696728,-8274.720322858735,-6088.568013601581,-32679.75434637895,Average,Divorced,60.0,465
40.0,,,-14918.25279091485,,-17662.84833661781,Average,Divorced,24.0,572
34.0,1.0,-27264.787485700515,-35882.337595864476,19874.65942226796,-19493.269895245816,Bad,Married,48.0,300
43.0,2.0,124881.20622847896,76926.64302923804,,3137.6459868928614,,Divorced,48.0,727
,0.0,63932.240719935464,66721.27148654782,791.4821458885161,-14706.553467718157,Bad,Single,36.0,629
50.0,5.0,264509.9949628013,,22388.799488412293,,,Married,24.0,656
23.0,3.0,-47386.09781398777,-88563.04002151999,-7631.046598467033,-9190.178261130888,Bad,Single,48.0,300
68.0,0.0,-129412.75306233577,,1842.2024964215275,29179.419418193887,Good,,12.0,300
24.0,4.0,15682.166229072962,,-40.96456971817764,,,Single,60.0,300
31.0,,-9157.954642598932,21762.350312299353,,13567.003083355054,,Divorced,36.0,343
52.0,,39978.261116177695,11255.390384145649,-25759.380556533175,,Bad,Married,24.0,444
59.0,3.0,-125348.34601692329,35020.25040826653,12722.407424632034,,Bad,Married,36.0,300
20.0,,226572.03656997747,20088.53570314253,12767.69841059918,-33207.136084792444,Bad,Divorced,36.0,751
46.0,2.0,451.8161744762656,102457.10189830985,,13618.60204366838,Average,,48.0,549
43.0,0.0,-152525.66017462994,-57161.8236458557,,-34685.07440944203,,Single,24.0,300
47.0,3.0,,-30104.404754984505,,45438.43352920368,Bad,Single,12.0,300
34.0,,-68174.30717798637,,,57944.84539476664,,Married,12.0,300
66.0,,4089.7665490018207,-36880.93713844366,49260.73311834265,-49293.61199445607,Good,,12.0,320
51.0,1.0,92258.19832632065,45792.94344790456,-27421.032144673412,,Bad,Single,12.0,642
36.0,,-43719.68760091314,35149.854120703596,16830.042626885235,,Bad,Single,48.0,306
62.0,5.0,-143063.4871251632,8396.329530027235,2637.4925042367036,-48185.0239198672,,Single,24.0,300
50.0,5.0,125746.50659704002,36912.95288920537,-8370.728241288087,-1819.6506604030926,Average,Single,24.0,607
55.0,0.0,-88160.56691224161,-46626.97340179771,45335.93830258954,26217.68059324814,,Divorced,36.0,300
56.0,2.0,,-126141.91688284461,23045.651988149904,89078.79946004997,Bad,Married,36.0,300
40.0,1.0,-133111.34680136858,-14147.666171933291,-14125.137006845624,,Bad,Divorced,60.0,300
,4.0,280994.92460784985,-9705.51628982282,-5062.6568264782745,-30552.90330542023,Bad,Married,60.0,782
57.0,3.0,115153.27393977952,-55935.21530980424,,,Bad,Married,24.0,430
19.0,1.0,,27676.981347607605,,2071.2412244002253,Bad,Single,48.0,850
27.0,3.0,34359.60681384283,,-4792.564501050835,,,Married,24.0,307
59.0,2.0,271514.50044509734,43236.251476477926,-47670.68926472018,,Bad,Single,24.0,850
18.0,3.0,22910.800212326787,-13944.255466984641,-6806.9687373835395,29101.966244044812,Average,Married,36.0,365
20.0,2.0,35105.09825785984,-62987.54052838865,19669.326551454986,28365.04571479947,Good,Divorced,12.0,320
31.0,0.0,-171463.3251692527,4041.2346537873723,19564.17788429409,-20977.390156980513,Good,Single,24.0,300
33.0,5.0,,53155.41232218983,-554.7230576119766,16909.07798521638,,Single,12.0,414
56.0,5.0,-164247.48335854287,-27636.769850560566,,-22515.691746017474,Good,Married,48.0,300
20.0,,-17729.524336784816,35331.857943693976,21265.890216829957,8702.306321008424,,Divorced,48.0,300
43.0,5.0,-36430.10295889308,46549.6900307855,13051.036443917556,-31525.34183983637,Bad,Single,24.0,300
20.0,2.0,37853.907718249975,58949.77466864262,,-70951.41972330873,Good,Married,12.0,609
,3.0,-214096.9183863742,28221.24133843506,20648.62226143875,28075.50101357991,Good,Married,60.0,300
29.0,4.0,78268.56469627697,-87184.89270444366,-51492.724054753395,7312.571242514034,,,60.0,300
,4.0,-195141.64246148415,,-27708.127796285055,1869.5653678488763,Average,Married,,300
,0.0,,2582.0619057966046,-5749.344312855533,14155.119851692112,Good,Single,24.0,708
60.0,2.0,24863.16686994343,66105.66781539067,-38748.49323440857,-19173.199523930474,Good,Divorced,12.0,557
26.0,2.0,334989.7688908519,,2701.323876887858,25003.25565204202,Bad,Divorced,36.0,850
33.0,4.0,18438.54710991239,-7280.741427370047,-52715.882183096066,1568.4406667215117,Bad,,,300
36.0,5.0,,-9039.508408862877,36957.930696295945,6522.022934579275,Good,Divorced,48.0,300
26.0,2.0,18354.30112755563,-11434.5544671922,4998.223078115565,52782.51262314716,Good,Single,12.0,409
63.0,5.0,,-20460.575816313973,,-15376.007610508736,Good,Married,36.0,300
55.0,,212150.31863703497,45914.43852591118,-51172.68595849684,1104.9836456078053,Average,Single,36.0,850
56.0,3.0,-192344.34463534158,-8253.438548017832,,4522.3893782277355,Average,Married,60.0,300
38.0,0.0,-327861.4025477954,-75042.28236459645,-8042.058585999888,17808.708107877705,Average,Divorced,36.0,300
61.0,,187402.14822649412,-13243.047404960138,36784.74493210962,,Average,Single,12.0,764
44.0,4.0,25598.223568227324,20205.723270067414,31534.382076557704,34493.714251417005,Good,,48.0,365
51.0,2.0,105173.64478722351,34126.5091128652,-42427.64836372975,-33073.05423323587,,Single,12.0,674
18.0,4.0,147108.8663291536,-14138.369038812136,-17089.007498590407,43395.86211197328,Good,Married,60.0,565
26.0,1.0,160449.14021869883,,-21761.371416540896,-22688.79974187306,Bad,Single,12.0,467
62.0,1.0,-78021.83629758237,,15880.492079964568,69938.91882682261,Average,Married,,300
40.0,2.0,-10438.268924600136,-16149.782860124993,-65075.55210218385,-42275.47604961226,Bad,Divorced,,300
67.0,,85877.76269142369,-1635.1411682884568,24424.75903537664,-13799.884138637184,Good,Single,24.0,520
18.0,3.0,52202.42588477529,-10389.863169735092,65343.50954021807,4104.211790267661,Good,,12.0,429
49.0,2.0,-137841.38592540164,,47544.11060038109,-31124.757320233366,Bad,Married,36.0,300
43.0,3.0,193047.5015701287,-37587.12952046312,-16907.167394002343,-4292.650700636783,Average,,,630
,3.0,230514.95877795553,-24225.713055600423,14641.21500987032,37502.715734567,,Single,24.0,704
24.0,0.0,397257.3837663136,26778.862071650015,-6928.31592696913,31422.562787804614,Average,Single,60.0,850
66.0,,,5791.847438719875,-65094.90996501103,-49051.24346348853,Good,Single,60.0,850
,5.0,-5153.438637813593,27003.783297563503,5748.205423727332,8626.333355798826,Bad,Divorced,24.0,300
34.0,,-132795.98520024444,89943.84330171191,3857.3615042356423,54872.40878768166,,Single,24.0,300
57.0,,-13561.724662899745,58497.369784834416,-5414.394976204404,34075.86875289647,,Married,36.0,447
42.0,3.0,,58411.90807535253,,-31448.145153390076,Good,Single,60.0,300
27.0,,92656.3799760983,12247.039650797782,-22892.510063631427,39716.771492327556,Average,Married,60.0,559
,5.0,-439158.0900072011,-30741.94274909265,22086.63201776784,,,Married,48.0,300
63.0,5.0,1518.5094646936304,4399.4127045625855,-8235.875954478945,32468.329963328215,Bad,Divorced,24.0,300
63.0,2.0,34703.86190386146,40319.64412150934,,,,Single,36.0,518
68.0,1.0,-132040.57952672135,51683.48618033704,19198.34223414447,,Bad,Single,60.0,300
68.0,5.0,-210630.23778367182,38131.63677097331,9961.377170351945,-13789.342695164722,Average,Divorced,12.0,300
39.0,4.0,-105649.5057240643,881.0242192255257,-23592.644217627025,14754.125259946954,Good,Single,36.0,300
25.0,5.0,32392.38976533259,47520.982641537375,11659.867782528489,21883.326133716386,Bad,Married,12.0,425
49.0,,,10729.416892817684,2243.9980016239306,8696.240210546623,,,12.0,509
,1.0,58639.21831276915,2313.921627831058,-4030.9831004831112,,Good,Divorced,36.0,499
53.0,,185849.33895739552,20818.35899683089,,,Bad,Divorced,36.0,761
57.0,,,-47295.608408514876,-11152.591233330037,3183.661372534008,Good,Single,48.0,300
38.0,1.0,166618.81968495264,-30667.018600433694,10727.338375609506,-10808.244269883362,Bad,Single,12.0,637
65.0,4.0,,9339.65037984062,39527.961627529134,-9277.703539930912,Average,Single,48.0,300
26.0,2.0,2787.651178151533,-50289.86258785927,-24091.034678926095,-12494.069252022638,Bad,Married,60.0,300
36.0,5.0,140501.3575411625,-1523.116750213855,43306.59597598317,,Bad,Divorced,24.0,489
,5.0,,-47703.81552841277,29234.075153610578,-31802.84716816403,,Divorced,48.0,300
32.0,3.0,51102.761728260695,86581.24011814463,5386.636006926092,,Bad,Married,12.0,601
64.0,4.0,38030.40330599158,1691.7925579440773,-14542.560250054306,4357.99077237942,Good,,12.0,415
,1.0,27617.216198475617,44058.494542171095,-32133.021900022733,,Average,,24.0,525
,1.0,-242120.39412969266,12452.392150169262,6480.328208131046,33993.55895007994,Bad,Single,60.0,300
42.0,1.0,120944.19221646266,36389.26743523603,16756.406322324052,13759.7438688453,Average,,24.0,696
25.0,0.0,308667.38234533893,-84353.85457341501,-26171.92281622225,38005.843433088536,Average,Single,60.0,838
37.0,5.0,-18552.612431536305,-24161.10683226128,,,Good,,36.0,300
,,19183.947750320647,-25504.565243650646,-9938.869258532928,20311.07718863236,Bad,Divorced,12.0,303
69.0,5.0,109018.212610978,5474.615920207751,720.4541593313628,-1593.0018396193768,Bad,Married,60.0,438
68.0,2.0,191059.0332347934,-2434.9513011669724,-6457.054053014717,20908.443652432437,Bad,Married,48.0,691
,1.0,183309.6080943656,-5943.573613730989,-16740.680261923706,,Average,Married,48.0,748
69.0,4.0,114972.60425218377,734.8199810571671,-33213.389994852536,12828.215562918662,,,60.0,531
18.0,1.0,,-111413.99784806247,15764.587066476864,-6149.392413228768,Good,Divorced,24.0,300
22.0,3.0,,-43218.879849316996,44202.869181801405,,Good,Married,36.0,304
70.0,5.0,6809.5961090115015,-17680.43762583564,-72083.69560832124,-34077.6238792843,Good,Married,24.0,300
46.0,1.0,-203965.15676005828,,11359.421353656973,,Bad,Divorced,12.0,300
34.0,1.0,-128510.50515800656,,22228.29943873993,-20730.43155104968,Bad,Divorced,24.0,300
58.0,1.0,,91650.40491654877,-5641.838706213742,6460.132979566929,Bad,Single,24.0,850
,3.0,-145780.4852419457,,24235.246019815473,-21662.7618816321,Good,Divorced,36.0,300
36.0,0.0,120283.41999949237,70918.85732613118,10923.692227969656,18223.439617411233,Bad,Single,36.0,750
52.0,4.0,-5121.747040935334,-3064.3448182525626,25412.613084751283,10358.152939635544,Bad,Single,12.0,300
42.0,5.0,21098.4549505892,-28297.919431562535,5852.7211937577395,,Average,Single,60.0,300
,5.0,62284.63057864234,-38930.61334436389,,-12071.62627516637,Bad,Married,,312
,0.0,,81706.26129932501,21381.369107694336,-51742.58919170274,Good,Divorced,60.0,850
42.0,1.0,,18624.621914936477,-31243.073426022176,-16318.419306741553,Good,Single,36.0,850
,1.0,,-19999.492128711914,,9021.144991339152,Good,Divorced,24.0,850
63.0,5.0,-101337.20096393736,3789.8987384986617,26312.167459198787,-13912.358722358305,,Divorced,60.0,300
,2.0,-44028.68870605007,-52949.22335806744,26575.38224654614,7070.803615832356,Bad,Single,12.0,300
22.0,4.0,-86918.16294466735,11068.507411875233,-4912.963276607577,2717.647004733488,Average,Married,36.0,300
34.0,4.0,-153406.214493747,25575.856152830744,31848.251238118843,-48452.51074861513,Bad,Married,,300
,1.0,-51001.3784124837,-32351.83344368053,-4236.688791814725,-22247.05008179913,Good,Single,12.0,300
,5.0,48513.92228180937,,12540.797953061716,-14563.876274989041,,Single,24.0,386
19.0,0.0,18591.326609073443,-49280.013610760354,30279.39215031885,16744.28153519947,Average,Single,60.0,328
64.0,0.0,89262.79758892776,-15671.410240692752,,-13091.590533181796,Bad,Single,60.0,487
61.0,3.0,58490.06425584232,,-11562.022370804416,2757.660260509194,Average,Single,12.0,516
24.0,2.0,-379288.7082624567,-42236.11123390559,,,Bad,,36.0,300
68.0,3.0,103364.2605486573,29807.62217298134,,-10827.363534394002,Good,Divorced,48.0,570
67.0,3.0,,-7309.471746994648,-21363.295946042632,-59762.86529792903,,Divorced,12.0,300
50.0,4.0,-1493.6576951418356,-42115.97796806673,14963.996920522679,3063.5653337471285,Good,Divorced,24.0,300
19.0,,65755.24786346502,96317.76257263096,,-37245.215851774185,Good,,60.0,604
,4.0,141307.72087274975,112958.38613983146,,-27338.806287722877,Average,Married,12.0,850
34.0,0.0,,-52663.59352759254,-18238.23115331428,-15660.899607882362,Average,Married,24.0,365
56.0,,-21956.69725774478,40144.382940829855,69324.74046504588,23678.460537485156,Good,Divorced,36.0,384
30.0,,165372.78408296747,13834.152583525965,30361.97136558748,-60402.50888055955,Bad,,12.0,644
57.0,2.0,-31680.973981883486,80130.13813754739,-24207.03843925067,-12365.622092925269,Average,Single,36.0,454
52.0,3.0,-30992.03949509681,-18747.284980721473,-15856.344991247664,7007.514118236942,Bad,Single,36.0,300
50.0,1.0,,2878.0374538639917,471.84863568174865,-48765.231815867686,Bad,Divorced,12.0,682
46.0,4.0,47205.19081360571,,-4112.5372536878485,-40053.875998229974,Average,,36.0,300
,1.0,14992.438278942223,-39465.65966791689,-29502.38827604551,-6833.537081999063,,,48.0,305
69.0,,-57561.37318363985,79958.6954268553,35181.8468070505,3047.986895922408,,,24.0,336
33.0,4.0,56039.5239768297,-25173.080056248316,-55180.473569534515,349.1559118658494,Bad,,48.0,300
18.0,4.0,121745.70039234236,-28096.493815605416,-12421.02702019083,436.2727715207862,Good,Married,24.0,529
56.0,2.0,-259414.98284843442,-37865.40436910046,23927.97505539154,-31545.156028443816,Bad,,24.0,300
70.0,2.0,50663.706421429844,28841.176187798115,-6885.441906798106,17809.703531896128,Good,Married,60.0,519
41.0,4.0,261023.81489528724,-81588.64886487527,20465.623021134772,-2089.278511531102,Average,Divorced,,622
30.0,,-165043.04616760524,-74274.63479347609,34421.999435043355,,,Single,24.0,300
67.0,4.0,106094.22575549963,-45961.980741001375,-11145.155104316664,36005.77184119978,Average,Single,48.0,404
20.0,5.0,-80167.24216255102,74828.9618442325,2011.6130021353804,,Good,,12.0,300
67.0,4.0,-69970.24603701821,-10104.33713394503,,13456.315193048524,,Married,,300
45.0,5.0,101539.14261970775,42422.53354524833,37915.15095566439,20088.97887519389,,Single,24.0,569
59.0,1.0,-243542.44019297493,25343.927377576994,,26573.421795547216,Average,Married,36.0,300
38.0,3.0,-33668.764873189015,-17854.038763248336,24961.26368589443,49856.67986718074,Good,,36.0,300
67.0,4.0,,30694.599298336503,-16919.414626603313,7148.124793615765,Average,Married,48.0,605
21.0,1.0,237824.54986103743,-22283.738704165335,-18434.554896350623,,Bad,,24.0,763
29.0,0.0,-303323.5771865945,71355.8389847715,26769.375240603054,,Average,Married,60.0,300
33.0,,265461.814880869,-101900.59468548196,1455.4200819622365,-29082.645524424675,Bad,Divorced,48.0,511
56.0,2.0,-94129.44732788937,22918.457924803104,-11166.75403679249,-22191.570904017728,Good,Married,48.0,300
65.0,2.0,,-17096.58984276968,-31603.696740805153,53169.43388883512,Good,Divorced,36.0,300
31.0,,58171.62970352042,-49021.345607080526,,-27326.475603992516,Good,Married,60.0,378
28.0,2.0,59326.562285270695,-30569.815911207254,,-33514.92725086594,Bad,Single,,393
46.0,4.0,-255418.1659710849,447.67088828727606,12095.220266712382,-35777.0120623555,Good,,12.0,300
50.0,0.0,-217795.81371082072,61674.537824549465,-32342.521533408315,9726.105337932311,Bad,Divorced,36.0,300
50.0,,30082.272604054233,86808.16923305797,,5162.680357380556,Average,Married,24.0,625
70.0,,126474.00713205182,72699.84959070508,-1031.9835554397025,14925.766339049564,Average,Married,48.0,822
57.0,0.0,388960.16522028827,18228.909277007453,-5887.780976307106,-8767.034828730375,Good,Single,36.0,850
25.0,0.0,-138179.43300231232,,15071.584271278622,15031.669454217008,Good,Divorced,60.0,300
31.0,3.0,-72178.42288530791,24880.32835430205,,1216.2749532553294,,Divorced,12.0,300
55.0,,,40325.03772807192,,-34193.83348513189,Good,,24.0,780
20.0,3.0,101187.73589153765,30122.657660699493,21565.795001049406,-30136.54521340568,Good,Divorced,48.0,566
61.0,5.0,171038.48561013915,19389.66498927679,-4282.121212807187,32208.001952648847,Average,Married,48.0,654
49.0,2.0,416651.4988460242,-20925.161437793107,-5221.5081486839645,,Good,Married,60.0,850
48.0,3.0,128869.15873002197,172338.38942846164,,-22579.46968994007,Bad,Single,24.0,850
,2.0,28928.127093734387,48233.970215453955,,682.8899508151387,,,24.0,526
68.0,5.0,-183009.8950234183,-19491.384546446166,-6411.875323243956,8155.75983528148,Average,,60.0,300
70.0,,-52971.39640460149,-92646.41935207762,30371.74900451448,13141.781741417228,Bad,,60.0,300
,1.0,-276875.48430899833,-41707.74576492136,-12995.993693964574,28091.597620654804,,Divorced,24.0,300
32.0,0.0,101508.415817147,-39886.058691849285,-2341.432447184143,9786.746551537952,Bad,,48.0,497
,3.0,151020.4802191315,-16949.96917355477,15257.282579202485,67424.52814074277,Average,,,590
53.0,3.0,,5972.258544307459,27567.16658349277,-10122.773389811438,Average,Married,60.0,300
26.0,4.0,,23807.47970297264,20972.033281482476,-1231.3466731326484,Average,Divorced,12.0,300
,1.0,24700.52439244144,-17343.073538312903,-43468.30425593333,-50732.77514591558,Bad,Single,24.0,366
47.0,4.0,-212620.0574799905,35981.75560330989,6642.980475268331,-20511.982295853028,Average,Divorced,60.0,300
49.0,3.0,,-28839.00662247009,,-27615.149686900804,Good,,48.0,490
35.0,,79264.4960429293,48147.552315982655,,50056.35194546077,Good,,12.0,620
29.0,1.0,4109.2183325336155,23356.86163109218,14149.20739997665,21423.168305116047,Bad,Married,48.0,398
23.0,,,-28264.041521143754,,-3848.853382334152,Good,Single,12.0,300
45.0,,-193839.15721724788,-12688.46087476373,-22937.65560936684,12109.532549538373,Good,,48.0,300
27.0,,160637.794918822,-24175.23360933802,-5265.090726749732,1017.5444120064707,Good,Divorced,24.0,574
18.0,2.0,-9440.377317157323,-26594.659838016487,-17243.178338846785,57671.45665551684,Good,Married,36.0,315
28.0,2.0,-184013.0605597878,38948.87799646403,9909.277504917303,,,Single,12.0,300
67.0,0.0,64633.70144832408,22212.483890150957,-9052.316671811708,,Bad,,60.0,493
24.0,3.0,,-65537.01182018837,-20041.28253945485,24989.17538465075,Bad,Single,12.0,300
51.0,,-210337.62195928796,-49385.65581863684,-10981.783369856847,,Average,,12.0,300
19.0,4.0,-162205.7527363939,,17254.64297227266,-18027.451026100607,,Single,,300
56.0,,-94137.25188566589,42969.29614173986,-11150.525372236874,11618.794358228519,,Married,12.0,300
21.0,,-190620.63003189594,70210.59522014546,,,Bad,Married,24.0,300
,,62646.45985228665,-85367.5711275504,-2134.2522028481403,-69380.56311795498,,Single,24.0,300
29.0,4.0,-206775.64385346873,-27534.095553146217,,,Bad,,12.0,300
70.0,,53866.898772924134,-33139.74062702452,-17962.71319852725,-1084.7223750118403,,Married,60.0,361
61.0,,,-100271.93628157585,1269.2478214703203,2238.1199068179963,Average,,60.0,300
47.0,3.0,1160.548016838933,-79478.56289666375,-10257.949190689244,-42688.98771162712,Good,Married,48.0,300
45.0,1.0,-213882.25120890499,21933.416021199806,8557.64480018494,-9827.282396261346,Bad,Married,36.0,300
53.0,3.0,,83683.97847116127,9832.077540935661,,Average,Divorced,60.0,850
49.0,2.0,-29941.55718450099,56737.08314778484,,30094.286534711446,Good,Single,60.0,393
,0.0,-20694.588520556958,-19740.94903518027,-10758.47347680112,-46392.545784512775,Average,,,303
41.0,0.0,-29393.99274447737,11492.722024175891,,3438.352122968415,Good,,60.0,384
66.0,1.0,-51851.570638900404,,26143.443213674684,-32741.19919001123,Bad,Single,,300
58.0,4.0,141130.68342222596,12887.843529498792,-26900.29912410426,-70624.53809879022,Average,Single,,620
62.0,,18974.036170462405,-84728.52488888518,12946.821626144028,21363.075176764116,Bad,Divorced,24.0,300
53.0,1.0,139015.94318155717,-65575.60669151548,,10868.323404648481,Bad,,36.0,464
37.0,3.0,,4134.487462220511,-33370.33087284767,,Bad,Divorced,48.0,441
39.0,5.0,-237801.00216981562,37817.92699969675,1129.3661750487988,-3968.028443199032,Good,Married,36.0,300
19.0,5.0,-141079.57058861325,75281.65147060495,11042.743926029463,24561.40136825645,Good,Divorced,12.0,300
70.0,2.0,-32359.22733984432,-49432.92952648079,16506.350664028836,-54670.36930984004,Good,Married,60.0,300
,,-90575.173252483,47742.33274571502,-4279.365675314165,-33082.87898446773,Average,Single,48.0,300
34.0,3.0,153311.56906202078,79597.4587137914,-795.2621416695569,15869.831460560963,Average,Married,24.0,827
20.0,1.0,164826.68860841333,-59891.93670238556,,,Good,Single,36.0,607
29.0,4.0,-147287.24077943427,-63248.44071320047,-10538.399771738164,22861.693968346164,Good,Divorced,60.0,300
19.0,0.0,,54753.87760772452,48518.28891127187,,Bad,Single,60.0,572
68.0,0.0,-141670.03759496365,-7357.648382497009,-15658.938926329647,14153.32729499951,Average,Married,12.0,300
,,123748.4436035161,53627.25176240907,743.4428330684779,-14416.05798051148,Bad,Married,36.0,652
41.0,3.0,,28968.338629829366,28342.72347546773,38720.949158314404,Average,Single,60.0,844
,1.0,20087.038278280146,26485.384987869,,-5892.953057626309,,Divorced,48.0,457
53.0,2.0,-108870.58905804456,,-15941.963399079585,4721.169013778437,Good,Divorced,24.0,300
,5.0,67397.76548383298,-35814.46213197029,35144.81856875608,,Bad,Single,24.0,300
63.0,3.0,,15511.293273835792,2801.8539189807975,-41586.03544229799,,Divorced,,481
38.0,1.0,-288991.855563335,28641.35036354317,10462.167307520158,,Bad,Divorced,48.0,300
20.0,3.0,2531.6855141948254,70484.27817440034,11216.956948224612,-24646.57002652742,Bad,Divorced,36.0,404
37.0,1.0,116811.91524453607,18492.29764455542,-32158.76741800767,-9910.826489044592,Bad,Single,60.0,580
44.0,4.0,-175163.4294082087,-63353.9605163926,-21238.50671391411,-4326.664861260424,Average,,24.0,300
62.0,2.0,51215.74085590523,-30391.158692730438,6176.830403594539,23159.04999183769,Bad,Divorced,36.0,329
28.0,,71888.12666529129,-30515.358679473204,17730.659085080053,-12829.492744654195,Good,Single,12.0,418
45.0,5.0,-108868.29573224358,-65121.60384784659,31714.448108916098,,Good,Married,12.0,300
59.0,2.0,-129596.86077870088,,-48776.26361133845,-37089.90307284745,Good,Divorced,36.0,300
23.0,0.0,-102584.15073232078,-91728.61719667871,10933.792633896592,-21356.871110322336,Good,Divorced,48.0,300
41.0,0.0,-442997.09923837066,,-6590.881345587315,-14130.556527795912,,Married,36.0,300
41.0,2.0,-227339.5789478758,-6435.4074751304415,-30836.352717675276,-8057.051993480513,Good,Divorced,36.0,300
58.0,,-116600.44586125814,34126.91737085946,-3144.8296584775335,17007.537956733126,,Married,48.0,300
22.0,5.0,197981.18751088876,4412.561397371699,,13600.673111239123,,Single,24.0,696
33.0,4.0,8633.988857663679,28337.325088790763,-28031.032621759416,-14184.640200723337,,Divorced,48.0,347
55.0,0.0,-216954.24481627863,14588.152632013287,26789.99481981945,3344.427206186639,,Divorced,60.0,300
58.0,5.0,5054.045646452547,-39416.55112581599,37499.45435108497,3164.6869066760296,,Married,,300
54.0,4.0,164108.98463770695,71142.66075426227,-1421.0530405542336,-540.7482675808191,Good,Single,12.0,806
21.0,0.0,148306.06148741418,35752.8663217212,34180.05873839082,-8388.174597063964,Bad,Married,12.0,784
,,-95621.00404001579,-26056.301941092646,,-10581.100270042287,,Divorced,24.0,300
20.0,5.0,,20692.310269637732,20225.92698470439,-25420.87130256127,,Married,60.0,403
39.0,3.0,-103838.8879643936,-6773.829334800774,18644.068622861963,740.3576903151086,Bad,Single,48.0,300
54.0,5.0,227276.20759813942,-28913.860127666154,-10680.959776282103,-19206.52432383057,Average,Divorced,12.0,672
23.0,0.0,6770.47086605653,33608.63597507438,,-47603.45665144905,Bad,Single,60.0,420
39.0,0.0,144379.81976492167,14127.860155583005,17063.97127963671,-20248.034664547897,Bad,,36.0,665
,,-72291.77503312465,-32258.73293508521,-8998.567993261755,-2166.558530355224,Bad,Single,60.0,300
59.0,0.0,-90087.76681566019,8908.77212135032,18462.28801130934,,Good,Divorced,24.0,300
,3.0,91492.25331945502,44857.071989308,-9517.1133274935,,Good,Single,60.0,582
54.0,3.0,,46752.17461480111,23438.04995059813,923.0062277366255,,Married,48.0,558
23.0,,54435.82123223555,57378.6510208343,,-35708.75255800043,Bad,Divorced,24.0,495
32.0,2.0,62886.62477348285,-20095.76493793608,6762.987337417084,37213.89663663327,Average,Divorced,24.0,437
37.0,3.0,-292429.44339515246,-45577.02486557914,-59.68944747134264,753.2895149837658,Average,Single,48.0,300
,,-20390.1598798228,,8043.766018948038,-45279.61975047656,Average,,36.0,300
32.0,0.0,192695.30606390355,30395.64234564418,-17439.057902129494,,Bad,Single,60.0,786
,5.0,46658.50017247991,,-40989.50661054437,,,Single,,305
55.0,4.0,364877.05555292877,11243.375438775765,-48465.67940894311,381.51589496965374,,Single,,850
55.0,,,-30818.356866123733,-28808.36230760561,-42558.839173571985,,Divorced,24.0,476
52.0,,114816.86677341776,67360.84730901514,-10218.66178477016,-14913.803015303878,Bad,Divorced,48.0,578
41.0,4.0,-5718.268930946313,,,,Average,Single,,300
45.0,5.0,-62319.63313801415,22077.590892594817,-28686.790632622233,-24558.212252301684,Bad,Married,,300
26.0,2.0,121679.58973281427,,7513.949765876847,24830.50500221709,Bad,Divorced,24.0,389
37.0,5.0,-167823.49797696262,22939.795900857254,56422.12564208798,51988.8544271064,Bad,Single,48.0,300
68.0,4.0,-143065.96375166104,-36282.41798815825,,-29040.40541589666,Average,Married,24.0,300
32.0,,254935.4473708249,84866.20458208781,,30009.93559332187,Average,Single,60.0,850
25.0,3.0,-178796.3315823398,8262.940232699637,-29837.932065711877,-3265.746386023523,Average,Married,36.0,300
37.0,5.0,-87621.42649073526,17341.934524992503,13705.729568039427,,,Divorced,60.0,300
51.0,2.0,-172110.64428518876,-35147.7877521312,621.5781599378652,33530.77319245081,Average,Single,,300
30.0,1.0,,19703.090348140682,33183.60231691126,-16626.050131800548,Bad,,36.0,389
24.0,,,48377.478739549624,,6772.115554796314,Average,Divorced,60.0,850
23.0,0.0,-41568.141610528015,-33084.11642446496,-19030.46278474185,-17008.253949485978,,,60.0,300
25.0,4.0,,45606.85879865655,-38925.293699499416,,Good,Married,24.0,715
49.0,2.0,197478.92404246173,81466.44736419847,26731.600285077024,-47735.79752101456,Good,Single,60.0,850
61.0,0.0,-15004.304213615651,16195.790774856125,17500.31376742861,,Average,Single,60.0,392
62.0,5.0,112693.8709925695,22707.00675548654,28433.872843020774,66578.17095339461,Good,,48.0,554
62.0,2.0,,3307.0390824488245,-5109.318908012474,-41987.14459910007,,,,384
21.0,0.0,94219.96741744665,32729.013881820538,-23081.423457873847,-33894.31438411371,Good,Divorced,24.0,675
40.0,4.0,25221.57094497357,-83500.73145134446,-20943.033143737135,-9159.298388393237,Good,,36.0,300
68.0,0.0,,37752.39681528653,,-2252.97473321653,Good,Single,48.0,482
62.0,,,-77678.25790014617,-1095.9365358439047,-22043.271188536917,Good,Married,24.0,357
25.0,1.0,-93020.9340946562,-499.64291922593566,617.9917585643257,-8899.402975204968,,,12.0,300
68.0,,,-103171.26275407369,14823.784173216092,-20475.1748987186,Average,,60.0,300
70.0,4.0,100641.70567687809,-56906.60233194045,-31871.910102170426,4004.1276308780093,,Single,60.0,367
,3.0,23899.42168097251,27118.23843127013,,32565.093451625224,Average,Divorced,24.0,424
67.0,1.0,-134112.08964711655,,-22017.892718915464,-8062.9146584822965,Average,Divorced,60.0,300
49.0,,-51724.03466818493,-67548.87963804603,35047.56374769715,-22001.37408933648,,Married,48.0,300
,0.0,189379.26531971252,8616.439953324549,9458.019815549542,8023.108339083322,Bad,Divorced,60.0,715
54.0,0.0,-75815.8890560592,-157.9177129552022,-14100.021711440582,,Good,Single,24.0,300
57.0,4.0,-210826.63236719553,46679.53975954289,-4736.931511485738,51895.592621136726,Bad,,24.0,300
44.0,4.0,,26221.19426253136,20830.87399334052,1873.001037788589,Bad,,12.0,300
33.0,5.0,122282.65524314217,-33507.184934405224,3568.7870926411,-9793.052886441043,Average,Divorced,36.0,425
65.0,0.0,4739.873753214426,-69603.6196103673,-8447.621040101649,18339.397049795993,,Single,36.0,300
42.0,0.0,3384.6294171548725,56310.35764009018,,-33964.44509190042,Good,,,541
55.0,4.0,196099.67695499278,59244.131039943706,7849.024437006761,22374.500430925567,Bad,Single,,758
,0.0,468590.95686570794,24691.910089332912,,-10394.814497706697,Average,Single,36.0,850
56.0,3.0,67615.25554998839,28713.595258247766,2425.4222132351615,28137.242670621283,,Single,12.0,548
,5.0,-163272.6906743441,18446.41565121668,14011.897973659605,-11463.315712284064,Average,Married,36.0,300
47.0,1.0,,55797.32487783974,21205.02634350284,-41422.82003554507,,Single,60.0,597
38.0,5.0,75675.0236601198,34452.64838544685,9798.614486478917,,Average,Married,48.0,494
24.0,4.0,-70367.62999955588,90969.11027708497,,-46542.77082614143,,Married,24.0,323
28.0,4.0,-62717.895345575715,-29984.101864283653,,-12984.790544371323,Good,Married,36.0,300
34.0,2.0,,22799.56795067806,-2796.6986002916947,-15936.320942920856,Good,Divorced,,468
22.0,2.0,-102666.70038277419,,13628.209687722021,-16831.196101214773,Good,Divorced,12.0,300
31.0,3.0,-31561.7213304888,-3913.0671601685817,-14666.72290875203,-5654.840931514721,,Single,60.0,300
23.0,2.0,,-64938.341535899104,-20960.69142262192,,,Single,48.0,300
,5.0,308319.81805282674,17845.278933885278,-13108.014982279554,31503.850089895936,Good,,36.0,850
54.0,5.0,121279.36801040445,52429.377090812326,-13404.50906851002,-6932.826339209328,Average,Married,36.0,635
61.0,0.0,291153.2626805297,,9459.164307878633,6512.41566883269,Good,Single,60.0,850
,3.0,-301448.12174347567,46407.28536409203,,49450.35035190638,Bad,Single,48.0,300
,4.0,,-34606.934072419375,-4912.442290167321,,Average,Married,48.0,300
48.0,2.0,-2176.5611456100123,,11869.37326287241,-32231.86849354842,Bad,Single,24.0,300
66.0,3.0,-299148.80778621754,-25853.74498618999,-24848.935952328353,-50115.84144307111,Bad,Married,60.0,300
30.0,1.0,-97677.5072299114,22514.52297486918,-13270.642046953504,5983.405053984778,,Single,48.0,300
37.0,5.0,-176663.02228247188,17150.240063333404,-1954.6997679101032,,Good,Married,,300
41.0,1.0,-4689.198230549904,34426.690095307604,-3664.793808311339,-47035.413583985464,,,12.0,495
62.0,2.0,-100537.41621287978,-11121.718871146904,9760.40282451613,-4820.597331014585,Average,,60.0,300
23.0,,-5121.691464819207,-8362.09515350589,14439.534454181852,16918.009042249047,Bad,Single,24.0,300
56.0,4.0,80124.480121239,61484.680471059735,,12066.202699235146,Good,Single,36.0,591
32.0,3.0,-3156.2815260691787,6137.666499175836,31571.59782459164,,Bad,Single,48.0,300
42.0,3.0,-82224.66920762835,-10605.620070751014,5559.832196802047,-11738.498338345897,Good,Divorced,,300
67.0,,29400.54469143194,36139.851721282124,-5460.209397890533,,Average,Single,12.0,427
47.0,5.0,,-20630.809545089538,-22841.082946179613,,Average,,,432
38.0,0.0,,,3813.0519536821457,-38129.26591786617,,Single,48.0,300
66.0,3.0,,78454.30564716102,-14152.02287090151,15017.034115014178,,Married,36.0,850
48.0,5.0,33426.19614450796,69327.69777621029,8688.567547223656,,Average,Single,36.0,473
60.0,5.0,166029.48785267238,89277.37672134483,,12020.184784546032,Bad,Married,36.0,748
41.0,4.0,129752.30624347416,-34101.32151552686,-3919.1922575110566,-9686.847116601683,Good,Single,36.0,499
35.0,1.0,-81078.81067082258,47313.39622748613,-6604.892822890648,-1942.5215771653777,Bad,Single,24.0,300
39.0,4.0,-159234.42203973638,109341.34744957094,41681.53177399702,30488.006464708793,Bad,Married,48.0,300
18.0,,,-9647.44743945187,27565.288155127655,-6553.10911502455,Average,Divorced,,825
40.0,4.0,-129053.30077010056,-58915.844489532254,-34063.68306452661,-38299.38686818806,Good,Single,36.0,300
,4.0,-89114.4655230417,33403.108845535055,-6495.108566282226,,,Single,12.0,300
27.0,,-22181.634303936014,-18074.90907777325,4362.708709792929,-23923.475349105785,Bad,Divorced,24.0,300
38.0,1.0,-79258.22681213387,-6550.3412359186495,-12054.00380983385,,Average,Divorced,12.0,300
33.0,3.0,-47753.32312426703,27625.346842397525,29183.163667191504,8053.565654102207,Bad,Divorced,12.0,300
53.0,2.0,60191.303034396056,27651.738621321136,-5422.483195330216,-35091.107739856794,Average,Single,60.0,505
50.0,1.0,-125691.60465299271,,-15107.996138071097,-188.22262802699882,Good,Married,24.0,300
26.0,0.0,-13014.857807338049,13224.650790659516,38843.78344154986,31530.73067005052,Bad,Single,48.0,354
64.0,4.0,92558.76902742314,-85031.44013332954,,,,Married,12.0,311
30.0,4.0,12427.607795400223,48894.50004402833,4713.512195888004,13453.87909993106,Average,Divorced,,400
29.0,2.0,52382.51083279085,85610.7911473405,,20702.980318628746,Good,Single,12.0,671
31.0,0.0,-185425.95566958337,,-31740.15135870232,-24269.407435907007,,Single,36.0,300
44.0,,203746.61662171714,-14486.937884999263,,9303.956527353186,Good,Single,24.0,790
70.0,3.0,166082.2523607912,44869.4289309339,587.0254181362455,-13462.754668930604,Good,Divorced,24.0,753
68.0,1.0,,34808.16546388558,13246.924771031576,1914.078980559152,Average,Single,,647
63.0,0.0,-5701.608781414998,12398.217581232106,,440.0928811272298,Bad,,36.0,381
70.0,,-204075.91113032628,1249.1985894381398,-21759.498516873537,12840.185368117689,Good,Divorced,12.0,300
64.0,3.0,135340.31903416984,-82316.15066558735,-41521.435409296195,-16245.601533214665,Good,Divorced,60.0,396
24.0,2.0,-33997.98018092999,9299.026339556767,,5401.973189194532,Bad,Single,36.0,300
35.0,1.0,26671.090446508657,58838.859550174835,26220.505320452703,,,Divorced,24.0,553
62.0,1.0,-182900.475143271,-68072.81427461412,,,Bad,Divorced,12.0,300
28.0,,-152643.26017869974,54759.29078655456,-2919.281469615753,-25771.694961663918,Bad,Married,36.0,300
35.0,5.0,81882.14015311413,-85240.00405309252,31991.868598357087,-21613.165308037795,Average,Married,24.0,300
52.0,3.0,-27992.505380900337,46347.64214141385,20957.7586532328,-46489.5583132404,Good,Married,12.0,422
23.0,3.0,-101395.03365713001,-64711.43889246101,,-2883.396014664198,Good,Married,60.0,300
39.0,5.0,21382.723925925544,2076.7678716579203,6313.062918817582,-27364.217349083163,Good,Divorced,,318
38.0,,,14150.58032967953,14047.981301576754,-23091.177567679584,Bad,,12.0,388
67.0,4.0,-231758.24501362213,-5492.354990282004,-14825.137829022417,2507.746751684101,Average,Divorced,48.0,300
43.0,3.0,-127963.08779373555,-124214.526856773,-22238.669061734938,28499.32911744079,,Married,12.0,300
66.0,0.0,-37859.21971268031,20830.230183472366,,51098.668357096605,Average,Divorced,36.0,363
,0.0,-238057.31570560776,-48618.971797239676,-1884.2430592358523,,Bad,Married,60.0,300
44.0,,7493.078896408551,69123.91409751328,-4151.463788861506,,Average,Divorced,12.0,429
30.0,5.0,-137779.47705366285,,11250.907197160099,-11661.749509577663,Bad,,24.0,300
28.0,4.0,,-44262.7523659005,,33891.86522692706,Bad,Single,60.0,300
58.0,,166335.84949380084,29603.020212152212,-1299.8452859988652,,Average,Single,,747
31.0,0.0,-132493.31471542624,-75103.72285528271,-2398.8072116630756,7132.726630438305,Average,Single,12.0,300
,3.0,,74325.73261903015,-8075.79323661949,,,Married,24.0,648
28.0,5.0,28749.20911531254,12441.02072179437,9439.270671091594,-77931.97727612876,Average,,,336
42.0,1.0,54726.35964262506,37720.717183418106,-18153.468797102305,-16436.161348280548,Good,,48.0,588
33.0,0.0,129419.67592884491,20571.740325663977,481.6721519821067,6817.7627310024545,,Married,12.0,765
41.0,4.0,-29068.290986998923,71559.11914729976,6143.516140276188,16456.10133985035,Bad,Single,48.0,318
,5.0,275958.03537908563,-15242.530207537615,,32688.523457464824,Average,Divorced,48.0,755
70.0,,62160.25824410823,8413.976247062812,4303.775833452034,11353.95542546733,,Married,36.0,439
24.0,5.0,48395.43017191088,42095.88989033088,,11111.751092506725,Average,Married,,496
53.0,0.0,,15624.972051414741,-9593.709694903082,8314.619032199022,Bad,Single,12.0,300
20.0,0.0,137462.81696280726,-44862.94830255902,-1211.9293418560678,-16023.9804266705,Bad,Divorced,12.0,561
25.0,2.0,,6268.605877380154,,17907.84163245846,Average,,24.0,623
34.0,3.0,-286215.902636498,-23887.933362456042,-9887.789722809785,-40929.140138035924,,Married,48.0,300
52.0,0.0,-14479.588936372253,,-37014.379280220914,6111.442936981107,Bad,Married,36.0,300
52.0,1.0,-205780.95075577535,36558.32293188709,-45687.349844434655,,Bad,Married,12.0,300
63.0,4.0,-197139.33071829533,-71155.23320546538,-7310.54979100819,-10034.13324037247,Good,Married,12.0,300
64.0,4.0,201448.63477499376,-9621.193663255424,25865.9875397789,-9134.663449297932,Average,Single,36.0,681
55.0,,280224.81948174804,-23271.398810465216,-2998.5287145737448,-58137.496725077675,,Married,60.0,813
51.0,2.0,307844.7016120582,-59776.36519488012,41979.86578949968,16569.913529671518,Average,Divorced,,820
36.0,1.0,,13127.907467103892,-12640.1062797979,10684.474912608492,Bad,Divorced,48.0,620
67.0,3.0,160648.28489613716,21294.040837896355,-3551.197206609076,6234.678315059425,Good,Married,12.0,749
65.0,3.0,-240866.26552271095,-40550.875306511945,-1127.203711944646,-10980.145562103558,Bad,Divorced,48.0,300
47.0,4.0,-49461.20843599501,-53229.89707815097,-602.562932533988,,Good,Married,12.0,300
55.0,0.0,176064.53354254412,46312.8175381333,-51002.405241022854,-4818.415492818777,Average,Married,,850
45.0,5.0,-87836.5694224815,-15783.36610136048,1496.5422101115141,10282.188048991504,Average,Divorced,12.0,300
,0.0,89787.48878247927,-31232.735436135208,,17697.509442842605,,Single,60.0,507
36.0,,-15286.694158535385,41778.108171642314,30918.50633676232,-11501.25643890248,Good,Divorced,12.0,488
66.0,,-131433.60941127295,-76911.52539413834,-2799.7338139312337,35901.79337259531,,,36.0,300
62.0,2.0,93969.18210525856,126369.73341941569,-16319.246036487653,-1451.310217096453,Good,,48.0,814
51.0,,95258.29848513748,-35337.066947360705,1945.1467141289677,-19680.235721357527,Bad,Married,36.0,447
53.0,2.0,,-21642.077253567957,8879.234196919531,1065.1299280229487,Bad,Married,12.0,798
,0.0,31256.44732726794,43191.44663948176,1824.716512861619,,Average,Married,12.0,614
63.0,5.0,31588.351839536794,18928.466419665758,,-30870.88052346256,Good,Married,24.0,413
65.0,1.0,102862.33104137625,,9315.67054790849,,Bad,Divorced,36.0,564
41.0,1.0,-106941.89823634723,-1203.9716427822868,-40080.76153605794,-13676.91675086214,,Divorced,24.0,300
32.0,4.0,-160823.50202008482,48629.35621471843,11778.553925787948,11958.888403730274,Good,Divorced,48.0,300
31.0,,51989.10446832322,-25996.583754508618,32037.08972587997,5605.941016809774,Average,Married,12.0,367
,2.0,,55248.08748120179,-22957.532216070642,,,Divorced,48.0,462
52.0,2.0,-70677.21417481446,22533.253698780183,-1659.4817712205238,-26683.099658978605,Bad,Married,36.0,300
22.0,1.0,37086.89178085161,18090.923639154043,-1627.6824218048685,-222.3756313442987,Average,Single,48.0,484
66.0,4.0,174127.37722598002,-50052.89858928862,18282.407709160987,,Good,Married,24.0,590
50.0,4.0,-43036.503493412085,4209.257379279348,-5985.441565197969,-4063.7687226953403,Bad,Single,24.0,300
27.0,4.0,126778.88636789257,-1803.8058004827253,-18668.933519282862,10343.477783682743,Bad,Single,60.0,469
22.0,0.0,-28034.702375736393,53272.23611651455,29916.62898836267,37826.28823154514,Good,Divorced,48.0,444
,0.0,-32998.291735631465,-91786.30536593523,-1318.682799033495,14995.35099009597,Bad,Divorced,24.0,300
30.0,3.0,109257.08117521682,-96931.39009187205,-17020.05577392719,,Average,Divorced,36.0,332
36.0,1.0,-145517.74950965054,-38168.998889318624,11178.732262528345,-31061.49328073762,Average,Divorced,24.0,300
68.0,2.0,-161068.6037357227,-3907.9670187896863,50897.665918185565,-46249.95139728552,Good,Single,,300
40.0,5.0,19047.775858969235,19832.73789002352,-34393.41800151679,-29771.639228809043,,Single,24.0,359
67.0,1.0,,106206.36451931353,,,Bad,Single,,435
66.0,,107786.01317771392,-63515.184432049944,-6947.956233273572,,Good,Divorced,60.0,378
62.0,1.0,48648.98913631447,-32900.67952158994,-2675.8950536890907,,Bad,Married,48.0,375
,3.0,65303.80324220125,,31441.23916265696,-32156.982857431623,Average,Single,48.0,375
31.0,2.0,57230.83012986385,-52835.493743697014,-21625.708158238398,41203.66643558551,Bad,Single,36.0,316
70.0,4.0,-33378.804536449796,41578.50269082,-9789.982989586593,-16609.81123390186,Bad,Married,60.0,300
,3.0,,,-35377.29004212641,28758.097926276467,Good,Single,36.0,300
51.0,0.0,183941.40801991255,-22237.25013478055,-22477.639571823096,39961.780096086346,Average,Divorced,60.0,693
38.0,0.0,235268.82639347133,8850.672874484073,33355.65108529021,-32294.4061034712,Average,Single,36.0,850
23.0,4.0,,-26162.71068530876,-13635.7131084697,,Bad,Married,,300
23.0,3.0,-45641.70678693647,-54888.811007973,-27403.05374610515,-42865.56950324581,,Single,36.0,300
65.0,3.0,-218729.73120767766,19931.17785897825,,29956.54443323253,,Single,12.0,300
22.0,2.0,-240853.15653612962,51430.63052445277,-24776.064200530524,6834.944838724696,Bad,Single,36.0,300
29.0,2.0,-179990.60414128535,,3990.85142755819,-39130.29634489555,Bad,Divorced,48.0,300
44.0,0.0,-226862.51106421204,5819.6852124418165,,-64310.46283563228,,Married,24.0,300
55.0,0.0,-47810.525816912384,3109.0978186018956,-16394.987925722624,18887.500477555768,,Divorced,24.0,332
,1.0,249403.87788511298,4595.095832548099,,,,Divorced,60.0,797
69.0,3.0,-18745.47728869405,,-10433.432980492385,,Good,Married,,300
39.0,4.0,-76627.02827717671,-79324.34817369387,-216.06794839507228,12438.215576398647,Average,Divorced,12.0,300
33.0,3.0,-230955.55782854036,37132.09613112392,23752.165329418163,28025.842577091404,Average,Single,36.0,300
20.0,,-153212.5754554156,-50955.738998034925,,,,Single,60.0,300
,,-91149.63942171478,-75639.79238965429,-863.2221553744375,92120.5528924689,Average,Single,60.0,300
54.0,1.0,151696.01382521642,65736.72889625329,,,Average,Single,48.0,808
,4.0,,4834.13490439927,,-30829.697598169034,,,,343
53.0,5.0,197737.65434783328,,4563.611709992376,26366.74872047877,Average,Divorced,60.0,490
35.0,2.0,-266604.0192582383,55427.34518391658,1001.1327499615402,2883.6329615897985,Good,Single,36.0,300
41.0,3.0,,,4541.928364758889,2025.1203469697393,,Single,60.0,650
,,,-30276.36583664682,-28391.22276852724,15109.852407733353,Good,Divorced,12.0,357
67.0,0.0,49772.02064019778,,25419.840838806205,,Good,Married,48.0,508
,1.0,272585.1422034508,43186.06242131188,-32588.908377178417,,Average,,60.0,850
59.0,3.0,167474.16625863232,33415.72898984903,2980.4455983273583,,Bad,Single,24.0,693
61.0,,,15138.627067643236,26108.24197992231,,Bad,Married,12.0,300
51.0,3.0,190022.787804952,-78706.39882117006,-6950.048718248898,-10888.606919572185,Good,Single,60.0,532
48.0,,-20167.62843560255,16751.0597357415,52016.959680174965,5462.092569954018,,Single,48.0,300
70.0,,-20782.35045737506,48976.25030967032,-23331.139369771394,,Average,,60.0,466
61.0,0.0,271424.7914731067,-49036.697214781045,-4624.247346439368,13347.2325048863,Good,Married,48.0,850
,0.0,,-26004.863757955107,,-11756.58653568394,Average,Divorced,48.0,430
26.0,5.0,103532.62153732726,-42881.01395806729,17225.569830763896,25700.03175258073,Good,Divorced,60.0,351
,4.0,-53444.39374634887,-43157.894417363146,-8971.45219332952,,Average,Divorced,,300
55.0,2.0,-182636.60044104783,38270.7559009848,-22899.47901814787,-6403.433310617185,Good,Single,12.0,300
45.0,5.0,,5785.107558848093,-11024.644141277624,-22024.61998586377,Bad,Divorced,36.0,518
41.0,5.0,240051.12840606822,,-13330.43604789835,15931.717873367548,,Divorced,36.0,717
67.0,5.0,-47840.64858417117,3157.540860580391,16242.923588365924,36583.42552403149,Bad,Single,48.0,300
24.0,4.0,173175.8895380411,-8076.974373298481,22043.592192675806,-8295.530725896817,Bad,Married,24.0,612
42.0,5.0,,,-39483.95792123023,,,Divorced,48.0,378
34.0,,232738.2265998388,-1671.6584615356683,-26253.517787659664,8829.464166831385,,Divorced,24.0,850
,5.0,,-33073.64214379873,22239.80930136184,14379.16497486868,Good,Single,24.0,347
21.0,,,37147.548819228956,,52688.86101474805,,Divorced,,391
47.0,,,-20915.271566845015,,-17049.723138364978,Average,Single,12.0,712
50.0,2.0,23684.91106930318,69815.69417084426,16111.780228285397,,Bad,Single,36.0,495
41.0,5.0,,29825.17903205382,-15547.696386143827,52932.37160768083,Average,Married,36.0,578
,1.0,,-47655.061126523964,46343.961389062075,-24847.075518699916,Good,Divorced,48.0,300
,1.0,,,30868.044293843162,3801.8768256677654,Bad,,,300
44.0,2.0,-80164.05323551902,7383.794569173029,,-23093.978114634432,Bad,Single,24.0,300
68.0,4.0,90446.33106506037,9463.833480182171,-33423.95274336099,22611.95053306879,Bad,Divorced,48.0,413
63.0,,-196356.76208836414,-39743.94616408632,37391.116495279355,-36438.9337109925,Good,Single,60.0,300
67.0,0.0,120811.77311074203,-9968.918076596714,24740.424481221467,48449.99825886483,,Single,36.0,639
45.0,1.0,6303.379586348112,34236.80380500229,47721.78764603188,-15717.8523940691,Bad,Single,36.0,419
,,,8722.148342477205,-33233.08966236254,,,Single,24.0,551
46.0,2.0,95674.68438293134,-32578.15517723073,-36588.709928566284,,Average,Single,12.0,512
22.0,5.0,11095.027557300436,92031.5788255644,-33049.47730221281,47794.743611045495,Good,,36.0,484
31.0,3.0,626809.1596448288,-28551.987771735967,39827.159076231736,-72629.45223298311,Bad,Married,12.0,850
47.0,4.0,243804.6703510766,10327.658374156239,-23135.253378425932,37519.22082652562,Average,Divorced,,814
18.0,0.0,82521.3677498341,12346.875394457022,20982.968198826908,,Bad,Divorced,24.0,551
49.0,1.0,8306.287883330302,29295.259625705,32233.85854993533,-6475.7513809606235,Bad,Divorced,,421
20.0,1.0,114394.92803453769,-19048.461188087607,-23592.634717990924,18847.51037632026,,Single,60.0,500
25.0,3.0,296174.9086903815,87149.20580896043,4737.123159191368,,Bad,Divorced,60.0,850
,5.0,-348085.88279750245,44241.40150868299,11775.758141950879,-18279.11469653673,,Single,12.0,300
57.0,4.0,-102489.05483427503,-72217.55742353175,-19221.39615992005,,Average,Married,12.0,300
21.0,2.0,-83851.73054342275,-29404.73534314186,-57527.47810634124,3045.7920573061224,Average,Divorced,60.0,300
56.0,1.0,163380.49586724656,43838.94599353282,-20833.66788626155,10633.919448607963,,Single,60.0,724
41.0,0.0,-44088.32801248519,-14380.732691216735,8745.397443238724,8075.857455677999,Average,Married,60.0,300
25.0,5.0,,16768.261548207665,-24201.263681439497,28465.364710190275,Bad,Divorced,24.0,493
34.0,,142875.28592055902,-37367.95519303461,35712.19963749857,4844.689226586741,Good,Married,36.0,659
24.0,0.0,-217861.18320294603,,-12601.138056581598,-10044.145248557694,Average,Married,60.0,300
32.0,0.0,-68268.87803154517,31418.370430302046,-25525.537582631776,23846.595881183992,Bad,Divorced,24.0,300
24.0,3.0,131060.84075518991,-37668.687786899856,,,,,,492
42.0,4.0,184104.30466045634,-50817.43887481753,18951.6784414306,57575.12230197313,Average,Single,48.0,550
21.0,0.0,-186277.89816959086,-29993.78703998148,6732.294806483145,4095.48511927408,Average,Married,12.0,300
,4.0,-6534.536135849488,,19423.036475770732,,Good,Divorced,48.0,409
61.0,3.0,-65641.33321244836,23844.902533407072,,12892.000778295693,,,48.0,300
66.0,0.0,121704.92597580352,42221.87526934371,-42612.97755796008,-16723.45726227236,Good,Married,24.0,789
28.0,2.0,-191660.97410223034,6576.747226444532,1823.7890070015662,,Average,Married,12.0,300
46.0,1.0,,,1430.6083067638579,-27496.547769812943,Good,Married,48.0,390
43.0,2.0,9764.625992197454,-15617.561348083364,,-11300.013243289912,Good,Divorced,12.0,364
67.0,,-235846.86197929294,81394.11414466248,-2060.7396144488575,,Bad,Married,36.0,300
58.0,0.0,-98749.22771542166,83868.07279194432,50044.38573063874,12484.853603383224,Good,Married,36.0,418
58.0,2.0,134687.29157566137,19963.21969709551,21931.33334450941,,Good,Single,48.0,663
41.0,2.0,230909.85344970305,46477.93307268943,,,Average,Married,48.0,850
30.0,,-144939.671995479,-96887.88213934662,14760.745324500926,-7637.826121717496,Good,Divorced,12.0,300
,2.0,,-73073.06263403746,22040.40440032993,7023.213615248985,Bad,Single,48.0,300
42.0,,-164417.42816433593,6883.233184583594,,53196.94426422165,Bad,Single,12.0,300
66.0,4.0,234492.43794083362,17199.90602790715,29516.893152727436,-11329.955873796329,Good,,24.0,825
58.0,5.0,,31746.50436233493,-14544.806846745778,22554.205138927413,Average,Married,48.0,408
,5.0,215127.54459981114,-723.334048437787,13374.690278075257,-6056.5661816006495,Average,Divorced,48.0,662
,,-291180.58797804336,-83297.62994420427,36924.190044719144,-16958.73764966664,,Married,24.0,300
42.0,2.0,65278.56979515425,-7075.700579274511,17212.89145241773,-48612.72698915518,Good,Single,12.0,512
30.0,,20273.146450328677,-7413.506634081339,58987.710314367556,42886.50316061097,,Married,48.0,429
68.0,4.0,272169.68074999773,25923.26621181235,6464.926086285936,44294.537911925836,Average,Married,24.0,850
,,56848.892144575206,-58784.705501194316,,,,Divorced,36.0,334
33.0,1.0,-270940.4402837101,34644.41794980272,-19991.98551748388,-3974.7340105394023,Bad,Married,60.0,300
,,87102.48803399356,,-50473.186230852516,-2989.880155654713,Good,Divorced,36.0,345
45.0,0.0,-50705.00570265239,,-10927.481669761399,29623.98387823104,Good,,36.0,306
52.0,5.0,204031.84861698127,11522.321875881533,-14105.846569275403,6275.165222219944,Average,Married,48.0,705
63.0,3.0,20708.368586610086,68747.5908928696,6176.390357250189,,Good,Married,24.0,550
,0.0,215075.60242716232,829.7105298886014,47622.31812022582,12262.06168729863,Good,Single,24.0,850
,0.0,,-27895.9418711065,-7895.905077493866,-21676.07357440962,Average,Married,36.0,300
40.0,5.0,,74263.02807584984,,-17434.54548864373,Bad,Married,,850
69.0,,147195.62496319565,64966.430698260476,,,Bad,Divorced,48.0,728
36.0,,75496.27223759833,-43485.65678712132,18821.275074407586,21627.378768960018,,Married,12.0,500
34.0,3.0,77469.04639913014,,,-14986.409063579928,,,24.0,629
,0.0,354064.0048446349,36490.706982370815,6067.8239956172965,-59148.05285177625,,,36.0,850
35.0,3.0,257847.45580758035,-29721.700733421643,,-25740.7554410048,Bad,Single,48.0,720
48.0,0.0,-8285.252537101649,-37133.021879990134,5284.956515215351,33276.91271809844,Good,Married,48.0,343
,5.0,243727.16062815962,-29664.48954337376,-1634.6326033168857,2964.621006773803,Bad,Divorced,48.0,612
60.0,4.0,-168102.86104996628,-58310.81378680342,-11031.693422016351,-55001.39781568429,Good,,24.0,300
48.0,3.0,31926.66716198258,22633.130901515528,,35532.72254607728,Average,Married,48.0,443
50.0,,-125699.2186205477,-50526.96057270001,-27369.66989542595,-5589.911032625179,Good,,12.0,300
54.0,4.0,,,,37896.76863698057,,Divorced,24.0,300
56.0,0.0,,44858.84405576885,-16061.41902273197,-37151.37861376847,Average,Single,60.0,335
61.0,3.0,-110586.41928214062,-20283.8208228392,499.6977294121917,19753.624582251676,Bad,Single,12.0,300
55.0,1.0,46520.93917370115,-38557.87899151293,-7606.916043807772,17503.83241507806,Bad,Divorced,60.0,305
44.0,4.0,187436.4758990075,-47503.390656632684,-18925.04424324894,19518.271481284937,Bad,Married,,575
70.0,5.0,216469.16338043634,-21259.028610940175,47867.815759923265,-34836.692598153466,,Married,24.0,692
57.0,2.0,73582.77609684822,24392.877437098712,-10298.970833720188,11744.719811082301,Bad,,36.0,503
39.0,,26897.763456627254,,-12577.095063708113,,Bad,Single,,300
,1.0,-215272.4585704385,6057.630733505468,21360.284586183257,17028.62574543719,,Married,24.0,300
39.0,,,-23952.947963718612,23791.632271292245,26180.44667376809,Good,,48.0,300
49.0,5.0,350545.7744469183,,20710.24380245288,38765.41394798719,Good,Divorced,24.0,850
32.0,0.0,-25227.437286103173,102731.81164037321,51170.38102198367,-24973.596618594107,Average,Married,36.0,593
,1.0,,-23675.98332645145,,5547.0883039064365,Good,Single,36.0,300
,3.0,55215.730749462215,-73608.23024219293,-392.7586383029368,11026.868326039947,,Single,60.0,300
47.0,0.0,137608.08261154516,74843.32679678973,-39358.41652235383,-65824.3242688275,Average,Divorced,24.0,836
26.0,,-46682.99749957604,,,-62406.59033131654,Good,,36.0,300
29.0,1.0,,-48281.668141262744,-12294.234056882191,23486.499901843174,Bad,Single,12.0,728
66.0,3.0,63837.13391937174,46219.641282020326,59869.975434911896,18051.96459287621,Bad,Married,24.0,532
,,64331.3933054073,-20951.668337824947,34511.815630628495,-39115.098327580745,,Married,48.0,460
,,149311.50432523846,1318.401792127387,24573.371294917,-18582.885628872136,,Single,36.0,699
,5.0,235628.10509756755,108195.04453192028,17069.61459664015,-28811.332329504432,Average,Divorced,24.0,850
23.0,3.0,-32236.58144069728,177.7587882078891,,55040.93520705342,Average,Divorced,24.0,300
39.0,5.0,70069.79788482047,-626.1012885435623,,-11684.574728839227,,Married,48.0,422
,2.0,-142178.8333081284,13522.600886145421,2219.2054800357996,,Good,Divorced,,300
32.0,4.0,76073.35427132888,13392.21131798728,,-19464.802701080596,Average,Married,,510
22.0,5.0,90022.05045694992,76357.92898842283,23779.003614821504,59282.40436131368,Bad,Single,24.0,564
,1.0,-31538.035291292086,-26015.121300796556,-57401.018450256735,,Average,Divorced,48.0,300
37.0,,23438.201482687375,-33648.09216311549,-8023.631727153328,-25673.71730040374,Bad,,,355
,5.0,6424.384971824213,-63770.40092823271,37924.62892608262,-38938.48511772658,Good,Married,36.0,300
47.0,,141288.403084193,21904.015672847378,-7290.786514225568,33008.57083232772,Good,,36.0,644
42.0,3.0,110394.73184495395,,28002.441417721213,48652.392387081214,Average,Single,24.0,467
53.0,3.0,166152.08616297765,-62473.830048763026,-9564.978338631441,14698.707366009974,Bad,Married,12.0,533
,0.0,-255746.73741776322,,-1791.1963103277692,31467.391338837362,Average,,48.0,300
20.0,2.0,71636.96753238628,47621.41713783432,-7164.395182407851,6800.858337515525,Bad,Divorced,,498
24.0,4.0,-123349.7270132635,-66145.81682619777,10803.065560075025,-1177.1937395790833,Average,,24.0,300
47.0,5.0,46008.66022052424,-21712.151374702655,-57768.13077897179,,,Single,36.0,300
,4.0,-193893.38560554822,46551.216424671235,-21555.335770905844,20918.01646270872,Good,Married,48.0,300
37.0,4.0,-98939.48060986356,-6519.063147269432,8979.19462367558,-4728.088278130507,Bad,Married,24.0,300
50.0,3.0,-12707.641711080221,,-1289.1719195236337,16266.801522515607,Average,Married,36.0,482
40.0,0.0,84653.11083136061,24153.476180453323,2811.955923293515,4631.631503574651,Average,Single,60.0,607
70.0,4.0,-73555.73889882672,33507.82754581061,-26406.942638229288,19109.247672387173,Good,Single,,300
41.0,2.0,125214.0842156357,-27260.72610468757,-12042.09772204875,-15052.46976697508,Average,Single,48.0,539
19.0,2.0,183136.331944558,-43733.31275818975,-15271.413694780562,12672.783017987527,Good,,48.0,652
34.0,2.0,-129421.59092362958,120.96518188643108,23357.07482393364,-26722.01078079625,Average,Married,24.0,300
40.0,0.0,,35794.23965714693,-53194.97147255875,50575.93747051553,,Married,60.0,338
30.0,3.0,-144721.32139599693,-98405.22177347213,-13719.683172644904,-28329.11013374069,Average,Divorced,24.0,300
27.0,3.0,66683.4771742166,80922.45104478713,37494.45557992817,11911.180236995331,Good,Divorced,24.0,627
47.0,4.0,,19391.471440147307,-17659.117124010314,6840.602211466014,Average,Divorced,36.0,560
52.0,2.0,165959.37274842942,23037.071103579347,10088.202947680998,-19436.418749981163,Bad,Single,48.0,671
34.0,1.0,,70844.01015684009,15378.238516782447,2815.3792350933827,Average,Single,60.0,300
37.0,0.0,224030.07959634936,36302.44030458103,23992.667655778747,-40195.6785290471,Average,Married,,850
19.0,1.0,,-1248.0651443116508,,,Good,Married,60.0,603
31.0,0.0,87561.61184524703,18372.272429155993,-16106.804610026988,32329.439853325694,Average,,36.0,649
31.0,3.0,,,-52875.99034326163,1253.7782058508508,Average,Single,12.0,403
37.0,5.0,166880.47647896424,-69540.02448378771,,19653.404996955436,Average,Single,12.0,490
23.0,5.0,-102779.78779274801,-13302.707211246634,,,,Married,36.0,300
40.0,5.0,57042.02748354991,-6642.029255173082,-7430.369520508903,,Bad,Single,36.0,318
27.0,4.0,-185536.94280548888,-13855.792620821907,8643.319987369605,45824.308414288054,Good,,60.0,300
26.0,2.0,147662.79190351852,-41691.83087080917,-19301.666051278662,19140.733541900187,Average,Divorced,12.0,577
58.0,4.0,-7698.083335159423,,23737.694345544085,-17285.810618034004,,Single,36.0,300
66.0,3.0,216690.5093619991,42569.782531890356,7178.890607441581,-804.9997172678775,Good,Married,60.0,848
23.0,,237666.3927702385,-6414.582827410568,569.4076738127998,19209.167515515473,Bad,Single,60.0,712
66.0,1.0,-27767.340776063014,12222.17529036049,-1468.7540674257211,6311.749720936824,Average,Divorced,60.0,308
,4.0,-27537.04682679499,29277.316902436643,,16140.977937691485,,Married,12.0,349
49.0,,-24392.26693314217,3307.9792112340283,-2528.23869220322,65483.86072380521,Average,Married,36.0,335
33.0,,198160.80901583075,47359.53402214751,-23474.91468602792,-14490.681692320148,,Divorced,36.0,809
20.0,1.0,130414.74619687382,-35742.36570668625,2551.4045459375807,3022.7023685818695,,Married,48.0,533
,0.0,30171.449265183714,-7301.895869877098,34483.2780238255,9520.161450865999,Bad,Married,24.0,447
32.0,0.0,22691.464812551458,-10721.42655678366,,-32114.43356598076,Average,Single,60.0,413
21.0,0.0,190809.1850107819,51041.048792760004,,21472.16275260401,Bad,Single,48.0,837
28.0,4.0,67897.68265324933,19634.728203775343,31475.651088848677,14078.052811282138,Good,Married,24.0,517
,1.0,-344771.50022608554,23733.018849333206,3066.8542734302628,,,,12.0,300
18.0,0.0,,-86465.67691889065,,-39870.41024913648,Bad,Single,60.0,335
36.0,5.0,52660.125941930644,,-5820.601562774583,,Average,Married,60.0,300
,2.0,28060.801195708744,137534.56006148568,,117.41205255287419,Average,,60.0,641
62.0,0.0,-39426.39798894688,39915.128152357385,-22382.29971697394,7771.378420266643,,,12.0,376
33.0,0.0,138091.71839502,55494.177596968926,-3295.259330425052,27030.10512308151,Good,Divorced,,781
25.0,2.0,253853.28500704723,47747.8800702882,,12047.747000093106,Bad,,12.0,850
,2.0,-35560.96593030274,108324.0025692874,-4601.440475288568,-14362.893553640446,Average,Divorced,,455
55.0,,-45170.91325483549,,-39142.75528307745,12763.028179164718,Average,Married,12.0,354
,5.0,-37838.35836603367,56923.219309255925,30553.992266200246,-47758.94696470662,,Divorced,24.0,310
30.0,0.0,-20363.103747764195,-49022.76627902564,-11093.433449807533,,Bad,Married,36.0,300
23.0,,-44480.61667188277,-56287.60271583046,33154.12083170646,,Bad,Single,60.0,300
35.0,0.0,-225192.45436247205,61756.563645592396,22227.777671939628,,Good,Married,36.0,300
36.0,,101024.22347359348,36474.48364108858,18498.869753919676,26923.933580927613,Bad,,12.0,530
25.0,2.0,-195797.37263923258,92103.83572757294,15441.66890733425,25186.878723263908,Good,Single,12.0,300
30.0,1.0,223307.53600086522,7370.589860155931,-25944.73192266724,24661.686013612663,Good,Married,24.0,850
68.0,2.0,-151204.9387224097,54930.53530718615,-37468.48704728867,-3064.910004029407,Good,Single,,300
24.0,2.0,-205084.83593968718,23328.302610630722,43817.04969337736,-39258.37186821945,,,12.0,300
65.0,,163775.0717844666,83642.52113309319,-2664.244070629753,-10753.752323563298,Bad,Single,48.0,728
,5.0,80875.3807987294,,-280.5784149170288,-48390.79989154861,Good,,48.0,300
66.0,5.0,,8332.319985760209,36350.91250459783,-3894.550369510032,,Single,36.0,762
63.0,4.0,,5903.776428775282,32156.530589261543,-62923.07576370193,Average,Single,24.0,608
,3.0,-250373.8937861857,111165.6333058124,61423.10144972723,-10298.4455811695,Good,Divorced,,300
60.0,0.0,-114070.23572296012,,10665.308184656926,37430.42771780383,Average,,48.0,300
41.0,4.0,,15397.286986446248,-24566.55701244287,-3892.4791746563897,Average,Single,12.0,675
58.0,4.0,80584.70615848922,43209.284641417406,4277.230220890194,-7427.938334578232,Average,Married,36.0,565
31.0,1.0,200142.54351366957,5193.298303577346,-10251.901745691808,-2897.6641557910866,Bad,Single,36.0,748
18.0,0.0,105306.46654650584,-71152.44381222596,37770.41422855851,-29638.900756538293,,,12.0,464
57.0,,-20065.159997814066,-12293.580552084464,-12271.018091429694,,Bad,Divorced,36.0,300
27.0,5.0,182260.45508727792,15032.426334153091,29630.221003565654,51599.606728072074,Average,Married,48.0,668
29.0,,-90453.72201741958,8404.061290436926,3440.7099533270457,49939.66675740073,Bad,Single,48.0,300
35.0,3.0,-53627.72553889219,-10129.021292196348,21064.736546599433,36118.8320611321,Average,,60.0,300
22.0,3.0,123508.24026114182,,-2293.516010766056,39729.557182757395,Good,Married,36.0,561
,3.0,-414137.00957997976,,29096.21134797468,29462.53786687155,Average,Single,60.0,300
,,,19497.86562838847,-19747.284644412226,,,Married,12.0,591
22.0,2.0,-372532.61649240827,51948.48941128879,4376.033934194742,-16863.10775081344,Bad,Divorced,60.0,300
53.0,2.0,242772.91173466694,68159.9780969618,-22010.684521228442,13700.161548454198,Average,Married,12.0,850
26.0,,,81603.9425813301,13094.105332137937,26331.120043160718,Good,Divorced,12.0,810
65.0,5.0,-46436.77319641221,,-20537.75910480743,-43717.39308410056,Average,Single,24.0,300
35.0,2.0,,,-9158.86007327144,-32105.61150841995,Average,Divorced,12.0,300
53.0,2.0,19796.17147904499,-8131.407702903405,16703.292799724808,,Bad,Single,60.0,303
,5.0,-161112.61191989237,,,45208.41176920432,Average,Married,36.0,300
58.0,4.0,-118428.67604862995,,60779.28856841198,7827.33495758009,Good,,24.0,300
59.0,5.0,297213.4566929275,-10905.43327318729,-12825.355999063651,13937.612026500203,Good,Single,24.0,850
30.0,5.0,10520.427463147533,-97240.4134787391,-15331.08542153648,3763.0404707664,Bad,Single,12.0,300
66.0,5.0,165380.86245982023,12167.719292433592,12371.343403803407,695.4480373509965,Good,Married,12.0,681
53.0,4.0,-24884.21670848607,-9711.792545280432,-26765.5372925359,18299.63664587996,Average,Divorced,36.0,300
39.0,,78993.41799862968,-84326.72137029434,12747.405278660111,-28405.57015202111,Bad,Single,48.0,300
37.0,,-76894.04079705405,41402.629442087564,-7054.815987040951,44410.45371088266,Bad,Married,48.0,300
51.0,3.0,,-18707.9840389289,,,Good,,24.0,300
,2.0,327509.6538565874,-41174.20590979311,83322.36839494122,18510.445112915317,Average,Divorced,60.0,850
18.0,3.0,35121.33782469167,24336.4935272245,-13087.729597699194,10202.88002465897,Average,Single,60.0,418
30.0,2.0,-71127.26555542163,-43711.79388675794,26887.944366326123,-47595.30368187083,Average,Single,24.0,300
32.0,0.0,-413324.9884154515,-35594.04096985826,1551.2137724760858,29610.12398069041,Bad,Single,48.0,300
60.0,3.0,-141090.36910189042,7186.117319038215,-21237.799957031246,39261.54335810938,Average,Divorced,12.0,300
41.0,1.0,74544.00078013819,-102440.24112398506,-33208.94846857642,26908.076235192664,Average,Divorced,48.0,300
54.0,1.0,-266863.33667239535,-4677.755509491166,-8484.57629253823,49318.93178856828,Good,Divorced,36.0,300
42.0,1.0,-72593.20797249716,87969.84798016112,-18002.78484437281,33039.23158011389,Average,Married,60.0,410
31.0,5.0,163267.74802008428,-100071.56157560558,6452.0422879288035,-4755.945277394896,Good,Married,24.0,438
52.0,0.0,219879.41859234727,7963.857857281025,,-7648.252345355137,Bad,,36.0,823
,3.0,-72148.48188438296,,,-26404.279128567818,Good,Single,48.0,300
37.0,3.0,-85820.05187832704,-77731.80858280614,-41839.55124761777,31762.826999284705,Good,Married,12.0,300
59.0,1.0,-14804.487518100745,-13090.182082686555,-23097.107981575442,38199.110457021736,Bad,Married,24.0,316
19.0,,169677.82433762733,-21961.125798918867,-28541.463179482267,8325.455667827831,Bad,Single,24.0,527
51.0,1.0,-26988.657718426657,27544.78361031282,,-11585.96511121074,Average,,12.0,397
,4.0,,2077.6663436494164,13748.754566661866,64.9728216492304,Average,Married,36.0,515
60.0,2.0,,,,-31040.354792063208,Good,Single,48.0,738
32.0,3.0,,-92440.86115034092,6496.667867212868,44774.69816285903,Average,Married,12.0,357
34.0,4.0,160773.91578927205,21480.611759272484,45136.48236900875,,Bad,Single,12.0,640
,4.0,230316.5349101416,46329.12207839006,-25641.035794857125,-6626.826391865202,Good,Divorced,60.0,813
59.0,5.0,12359.64557740242,37523.03194840391,-42987.85897271443,,Good,Married,36.0,397
57.0,0.0,-61824.40978050952,56034.79396493926,,,Average,Divorced,36.0,386
50.0,3.0,-168666.8193615819,74228.36072696293,-5917.363241080567,61703.052876842296,Good,Divorced,60.0,300
40.0,2.0,-123106.90087149886,-58179.203974208496,16774.98185064684,8412.644072762161,Good,Divorced,24.0,300
48.0,5.0,-136682.71905685685,137061.71127654472,-5636.899968889962,,Bad,Married,,300
50.0,3.0,105533.9072212212,33963.37309141892,,-72677.78403867719,Average,Divorced,24.0,600
45.0,0.0,77013.36055095647,-47475.30337663227,-24699.068721344407,,Bad,Divorced,36.0,407
,2.0,10774.388940889885,27774.548397596755,-34984.91394484576,4849.150371547576,Bad,Divorced,60.0,337
19.0,1.0,-120470.41740328184,50037.77251823534,4062.247875363639,63013.29162417046,,Single,12.0,300
19.0,4.0,,56071.48983821309,656.6987557350025,1235.8465865829805,Good,Divorced,36.0,300
63.0,1.0,82543.83144318438,-65255.28129429638,-17752.07503400128,-2441.960526904474,Good,Single,36.0,432
42.0,4.0,,-53085.68720736621,-1424.8262297373712,14469.966574787893,Bad,Divorced,36.0,300
54.0,3.0,130825.44319327283,-41245.171647752475,-4945.384202479888,,Bad,Married,24.0,491
40.0,,,-8514.584510973975,27618.18959660948,,Bad,Single,36.0,313
,2.0,303910.9639728847,27433.60423797879,10234.152677953807,-24013.083881956252,Bad,Single,48.0,850
68.0,0.0,270231.66223756265,,-31623.811434851566,2524.2396517248794,Bad,Divorced,36.0,850
,0.0,295224.48333083675,,,-18679.624427696413,,Single,12.0,850
39.0,,-70021.12275517402,-73262.6262375382,15679.38404942082,3067.0882666633343,,Married,36.0,300
44.0,5.0,-211826.67432177975,26309.56093034399,-31250.769707022813,23420.722064427242,,Married,36.0,300
41.0,0.0,298254.38602799375,-29923.993359625685,-2790.1537664729444,-108.51773303463077,Average,Single,,850
,4.0,-77067.59218639243,-10834.111262717219,23563.042415870343,70655.19612141704,Bad,Single,48.0,300
35.0,4.0,,38892.45512135857,31536.945953052207,35246.31162539083,Good,Married,36.0,300
64.0,0.0,143592.59550707063,4716.839427914823,1280.7722547364388,29233.48179526709,Good,Married,24.0,758
27.0,2.0,-143358.9048715755,-27741.93550182535,48858.91944699255,-35012.506196792565,Average,Divorced,12.0,300
28.0,4.0,519167.6318203424,-17570.34046278285,-218.83033314170402,-17293.104998211376,Good,Single,12.0,850
28.0,5.0,-66713.00385518283,-18333.06278315224,,-38219.00373705363,Bad,Single,12.0,300
,1.0,256215.3359222275,-51996.24925213741,36482.86345257131,-16424.0749321892,Average,Divorced,60.0,748
34.0,0.0,,-7400.629394473954,,-10740.431955152595,Average,Single,24.0,300
33.0,0.0,-33652.37130690881,,-30075.810852215644,39923.58019874148,Average,Married,24.0,504
47.0,1.0,,,,14669.367731485974,Good,Divorced,24.0,794
54.0,2.0,-39896.12874190463,-67140.28769312649,,17361.430075561664,Bad,Divorced,36.0,300
65.0,2.0,-122173.44813696056,,-4519.041916972887,26079.87756111677,,Single,60.0,300
48.0,1.0,-114184.29022381068,12649.971670453673,1908.7048334210756,-10648.63672173705,Bad,Married,,300
,,-31750.43905389958,,21094.15446800981,,Good,Married,36.0,310
33.0,,,-98274.74349463107,-20542.945635288128,66506.0494432955,Bad,Divorced,60.0,600
29.0,,171715.78776559344,-25144.96713997147,,4241.589396693344,Bad,Divorced,60.0,553
30.0,3.0,108578.58097388931,67128.04528533634,-31398.77634869988,,Average,Married,60.0,671
64.0,5.0,284344.9790908976,-25760.527472884198,-10751.151445636686,-7045.291462047791,Average,Divorced,12.0,793
57.0,5.0,-131820.40114696397,,34355.8325082641,,Good,Divorced,48.0,300
63.0,4.0,-52964.99959976996,16522.837547618336,19932.503536479748,25292.09832801331,Good,Divorced,48.0,300
49.0,,83856.03803694193,-89082.14124290204,10667.862530939125,-53721.630034690694,Good,,24.0,451
58.0,,217166.29640606206,47238.35050471462,-6041.433328321447,,Bad,Married,24.0,850
49.0,1.0,-85546.7345397013,95157.49124097233,-19963.473159765126,18319.509480720786,Good,,48.0,403
68.0,2.0,201425.56026001635,35123.816779023284,-8311.912727987274,,Average,Single,60.0,803
,1.0,75119.5757803042,,26776.84442112321,8709.339691537041,Average,Divorced,36.0,464
58.0,5.0,111565.43627591302,-45392.56658147665,,34691.842454699654,Bad,Divorced,48.0,316
50.0,5.0,-57348.89246450698,141133.13789704218,15373.301240311535,-8366.96840157864,,Married,36.0,455
62.0,,50825.41264130315,-5468.117544298645,,-46611.65126564725,Average,,12.0,526
27.0,2.0,219661.88867930844,-35895.44554157326,-9189.119471860015,-1828.8238447248098,Bad,Single,36.0,675
33.0,4.0,23546.820875572124,,,,Bad,Married,48.0,512
58.0,4.0,-141980.2871637383,-57267.8753693262,-23006.421084938684,,,Single,36.0,300
,,343376.1701647798,29522.37465863453,45054.42840971462,10697.299763824534,Average,Divorced,24.0,850
51.0,0.0,-83628.23289591505,24199.600877672598,-78.7494836226789,-35042.405187917546,Average,Single,60.0,300
48.0,,152782.30320063626,11463.058571486763,-14000.238286373948,24054.919357773942,Average,Single,60.0,718
,2.0,124709.26725792329,-141983.71257608716,-33977.520524181586,-16511.68325129074,Average,Divorced,60.0,300
55.0,5.0,107681.6209128639,8981.764753988551,-474.5954491706991,44612.339572447636,Bad,Single,12.0,479
54.0,0.0,-161810.8135891523,-27101.553903448974,-8313.348080906662,-4972.706754702261,,Divorced,24.0,300
35.0,2.0,141221.261618327,59365.102928584725,18334.951662142186,,Bad,Single,60.0,681
,,87806.85057208016,-49476.605257990814,-8098.81232708851,,Good,Single,60.0,416
42.0,,,5641.63297100204,-273.1962637887989,-2649.988872887106,Average,Divorced,24.0,698
,4.0,98991.9150717163,-42694.12642805717,-14125.347708339092,-9120.816677553012,,Divorced,60.0,312
57.0,5.0,,,37201.39314941975,-37726.81117886226,Average,Married,24.0,300
,0.0,254323.08970346506,-27222.42647814227,-46698.12861752522,743.2738387808025,,Single,36.0,822
36.0,5.0,86608.20909128491,-1492.3372936188357,,,Bad,Single,60.0,360
38.0,,133756.23537709936,-93923.2071537441,,15650.557481595059,Bad,Married,60.0,349
64.0,,22276.649944241894,-35599.86582521016,-2297.75607193566,,Good,Divorced,36.0,300
,,-17209.988158080727,13283.18877037782,45848.4890515584,,Good,Single,60.0,300
66.0,3.0,,-382.39140948633053,,-10353.237053221219,,Divorced,36.0,850
19.0,2.0,385459.4047637177,19243.856658599165,26592.075597706615,,Good,Single,60.0,850
,0.0,183368.71728373642,-38166.237037573286,3329.74874976549,-11979.320625380762,,Divorced,60.0,660
18.0,4.0,-362280.09324910876,-32966.55717145522,-2072.706445414059,-37870.42441952758,Average,Divorced,48.0,300
61.0,1.0,,58360.19839941771,,6295.94105624994,Average,Single,60.0,300
21.0,0.0,-9351.425690815639,9063.243826193182,20746.451308354786,24567.87545773309,Good,Single,36.0,427
62.0,,-231846.90046124897,-7190.6110785515075,3625.255781853542,-26313.410753911598,,Divorced,12.0,300
65.0,3.0,-111644.44299747708,26846.402006391523,30230.7248500555,28176.203008679528,Good,Single,36.0,300
20.0,5.0,-215188.16556251104,-57127.65190503549,8770.03110346515,-45114.81422280492,Average,Divorced,36.0,300
46.0,5.0,-42820.0937512175,83739.64916285017,30347.948870930548,27637.77076795647,Good,,12.0,387
53.0,,-144150.39410025722,69581.23930420692,,21520.20010866358,,Married,60.0,300
45.0,5.0,-16806.960309969276,28267.381534829467,-55395.96672857895,6029.819674703071,Good,Divorced,48.0,300
64.0,3.0,33917.54969973658,-133699.87749247084,8730.31927090512,,Average,Divorced,48.0,300
19.0,1.0,,101892.52015732689,-2601.563607051225,12555.636761300404,Average,Single,48.0,524
46.0,5.0,,-39177.58595585272,,-21771.479083031787,Bad,Divorced,36.0,300
19.0,5.0,21273.151505018024,-6719.90832365939,3170.9424186967644,683.3785066496107,Bad,Divorced,48.0,300
56.0,4.0,43932.66818826675,,11292.01260207413,,Bad,Single,12.0,300
70.0,5.0,78314.72096005801,-35192.25948232403,30761.862146972067,-29637.709736519697,Good,,60.0,336
46.0,3.0,58090.30466097494,44549.52978619977,,5430.61331929953,Bad,Married,12.0,531
45.0,5.0,103508.96693356118,49220.03427593083,-11175.993894423118,2024.5472574305722,Bad,Divorced,12.0,531
53.0,0.0,-310982.7611051736,42206.04159596939,8086.153775296395,17554.8548769547,Average,Married,12.0,300
,,-208295.4745991901,23092.403367839674,17519.2037726788,,Good,Married,36.0,300
35.0,0.0,-74745.97992015534,-4634.498457335048,-17118.865646552735,4897.227409761469,Average,Married,12.0,307
,,-113501.53789908162,-66260.21160921195,43294.77895813987,-8451.477758014784,Good,Single,60.0,300
48.0,4.0,,28024.371656421343,30288.956642583824,-12790.231795878995,Average,Married,24.0,478
,2.0,47718.33674441262,11007.511106788168,-18019.528413458094,-59607.6938832437,,,24.0,439
61.0,2.0,,-20839.08082734959,-26391.956046874377,9383.040729136965,Bad,Divorced,24.0,485
61.0,0.0,30394.479657818076,-28015.906068187396,-8569.681115597989,15741.272888151334,Bad,Divorced,12.0,380
20.0,2.0,75275.0847913881,67869.8110996292,-8268.90178403707,,Bad,,24.0,628
60.0,0.0,1773.9319766223525,-5146.415362387512,,-10717.210411793287,Bad,Divorced,60.0,313
22.0,,,6436.033386332869,,11816.335464231963,Good,Single,48.0,636
,4.0,335117.1093879561,24138.77704364159,-26628.641422904664,,Bad,,60.0,850
42.0,1.0,-60066.26485812184,-43885.96465480756,-4058.4452224973334,-17058.095975788383,,Married,12.0,300
,0.0,-158214.908616264,24337.849711615225,9873.675966130464,45997.41571015464,Bad,Single,36.0,300
44.0,2.0,-308351.77559288265,-12270.652031715821,48752.8886657553,-34991.223669306084,Average,Single,36.0,300
34.0,4.0,198899.7558681715,-13354.581255181693,33549.26040382962,9792.813575488635,Good,Divorced,12.0,687
33.0,0.0,-214554.87490932824,15359.961951310315,24340.113250112245,-28928.876599008738,Good,Divorced,12.0,300
20.0,5.0,-225343.62057430737,-80952.8376717625,48578.27569128121,-3162.3525983444165,Bad,,,300
21.0,3.0,-19181.362756638075,-12085.624361536935,-11007.256337801915,8169.704251236094,Good,Single,36.0,300
45.0,1.0,-138483.93260402355,-47255.177701411565,,36790.533617028035,Bad,,24.0,300
48.0,3.0,-70049.26917405069,-7138.786473697468,,-15555.923828577992,Good,Single,12.0,300
33.0,2.0,-198145.20120472077,-77584.38022104674,26574.717582604724,-3182.2400287804467,Good,Single,,300
70.0,0.0,-19648.819279552852,-61876.66677727075,,-55102.892112306836,Good,Single,12.0,300
24.0,,-8374.970442724873,21054.384783962807,,9828.155901664646,Average,Divorced,24.0,300
70.0,2.0,29627.324057103484,-35777.60545267668,32334.52747307349,44427.73949185734,Good,Divorced,60.0,307
61.0,2.0,20335.006040258315,-54279.35500195786,5855.847304173381,-19097.52497284922,Average,,36.0,310
,1.0,,27418.505331426546,-18963.67065341136,-34538.098010759706,,Married,48.0,436
22.0,1.0,-34681.715922915646,,33772.452429222125,36570.3042198953,,Married,,317
26.0,0.0,-1614.5889918203611,36693.796096875514,,,Average,Married,48.0,494
28.0,0.0,-22682.408353463426,4206.239919748348,18601.681237527515,5356.632902558752,,Single,24.0,345
45.0,,74595.37665745833,3672.751711644203,-20526.942425677407,-35195.0194177278,,Divorced,24.0,488
63.0,3.0,-110226.75186744612,-172.11021936141833,-3141.8196209378593,-8580.03313495694,Good,Married,48.0,300
59.0,,,5955.609067156822,,15411.441488861807,Good,Single,36.0,557
30.0,5.0,-91923.86417948075,-28472.01340709667,-5714.998695108888,-67738.85207778851,Average,Single,24.0,300
57.0,,,88025.92060468008,,-42184.19767480877,Average,,24.0,419
56.0,2.0,21927.89971501537,35677.65260617717,25848.115493539863,-9352.172127842963,Bad,Married,48.0,429
,4.0,398368.60477406083,19808.783277631916,-24496.383498851956,6575.377714011611,Good,,60.0,850
39.0,,-122649.0876972081,-63886.70901959884,-58694.05915383058,,Average,Single,60.0,300
65.0,1.0,234127.28106090194,92495.0308315816,-52547.02335918677,33072.219161180576,Average,Married,24.0,850
42.0,2.0,-66305.6002606791,36093.07475456511,-20180.710204714545,-65193.408834670656,Bad,Single,48.0,300
31.0,1.0,-117831.74054071671,-18402.438066597093,17661.20138733431,-32591.359165278558,Bad,Married,48.0,300
67.0,,-255899.07283095882,-110369.75086672565,-7114.940031718795,56923.996271179385,Good,Divorced,,300
35.0,2.0,63123.685226859,-19866.129863741116,-2760.9073062126117,,Average,Single,60.0,416
46.0,0.0,-60143.7588109622,-26221.407356676023,-39967.64229949428,-42448.504063533444,Bad,Divorced,60.0,300
,1.0,-66910.73896170528,42854.77260394131,-30330.798705190486,8922.822721625505,Bad,Divorced,12.0,300
28.0,4.0,-213857.82086498136,38893.37677067834,13680.317778257708,,,Single,36.0,300
68.0,4.0,-69820.35341757571,,40590.235147998224,-1026.7340943767088,Good,Divorced,60.0,300
31.0,5.0,,7919.864730378561,,,Good,Married,24.0,322
20.0,3.0,,78265.60808252584,30920.86157075748,-58196.70284722756,Average,Divorced,36.0,850
48.0,0.0,,37181.456515744576,59364.46318843204,-13848.006942470924,Bad,Divorced,60.0,300
58.0,3.0,,-17580.22510465642,-40927.91880689658,-3440.721952741462,Good,Single,24.0,347
42.0,2.0,-211730.95523020768,-28127.375058262132,23203.417306699674,5709.888252633863,Bad,,60.0,300
,,-111177.01606404746,-76479.73690266139,,59836.15769803519,Average,,,300
43.0,5.0,,-64776.42967030089,42038.29043117213,4726.563627366012,Good,Single,,651
28.0,1.0,-93481.05024581138,-27047.386165952936,19614.422159368532,,,Married,36.0,300
29.0,1.0,-321549.0882518187,34049.62973911242,-14618.008603258531,-28597.581227907714,Good,Single,36.0,300
31.0,,107234.45111102572,-38801.60263447796,,20450.70188453676,Good,Divorced,60.0,516
52.0,2.0,,12615.838235392444,-24849.721868834655,11975.58332751421,Average,Married,12.0,300
,2.0,,4518.183253590837,-801.775619959379,3409.5061838999677,Good,,48.0,300
,3.0,230317.3779888651,1848.1076326969185,-22540.874515532094,-1052.1155978815677,Good,Single,48.0,788
51.0,,210807.61788227333,96961.06577229692,16598.6289580936,,Average,Married,48.0,850
,2.0,-31211.452966736062,-99901.2104654387,-21168.581371173434,29094.769580945358,Good,Married,,300
64.0,4.0,-43277.88761183701,-19898.201921251708,7168.904041241953,-32020.190726709425,,Married,12.0,300
,4.0,226902.19204279408,24789.742955504465,12491.901314178302,-34736.65233852629,Good,,60.0,763
64.0,2.0,-35747.10298712496,29459.282042265717,15528.978886564599,7619.688628978395,Good,,12.0,383
31.0,5.0,-403503.8259565067,2958.5921557505826,-11783.613163141848,-28693.08319986474,Good,,24.0,300
21.0,4.0,-144933.67466327292,-27867.923418988783,12866.512627413123,-9315.181848767475,Bad,Married,24.0,300
49.0,5.0,161429.5956014399,114435.67095667131,-23832.39778791184,-19794.290161464352,Good,Divorced,24.0,823
33.0,5.0,-210905.03811703812,90314.7105176264,-22078.342485681023,-32587.827112423012,Bad,Married,36.0,300
55.0,1.0,-104673.03717003745,-41103.48364048661,51302.92563690703,-23079.31912632912,Average,Married,60.0,300
50.0,0.0,206964.86211038908,-62907.062864839914,-3398.2291937936843,,Bad,Divorced,60.0,608
56.0,,-236518.67710183334,-30938.898333842768,,-13593.488356839196,Good,Single,60.0,300
48.0,2.0,113069.66563129316,-81712.26041602147,-4545.0860022871975,6059.721008344443,Average,Single,48.0,406
41.0,1.0,-57193.07024365479,-27656.80578181208,42382.498655616066,,Good,Divorced,60.0,300
31.0,4.0,-110115.95354288442,,-24422.681926881258,-24250.864088841354,Average,Divorced,24.0,300
41.0,5.0,-63520.848591425354,36245.066213241014,25653.701086536512,-59907.8550396664,Bad,Single,60.0,300
,1.0,-108714.61640404043,1525.7500565139399,-32942.64077867367,13058.029528544184,Bad,Married,36.0,300
63.0,4.0,-38915.041404778756,45120.358100071055,11655.755730556844,,Bad,Divorced,48.0,300
57.0,,183265.81385454343,97823.59442789051,13962.28138337641,,Average,Divorced,60.0,850
49.0,,13176.776676276753,14959.84680170433,-1980.6993221094579,-35683.58477862334,Bad,Married,24.0,308
38.0,3.0,47091.41194846366,-77078.29851250675,,,,Married,36.0,300
28.0,3.0,39694.79833211959,59440.17284734353,24581.722868665896,-50092.21325969533,Bad,Divorced,12.0,484
63.0,0.0,-97782.58739780853,63371.35042677282,13778.00668644874,18128.554053925236,,Married,12.0,407
,2.0,138497.3124631035,32397.025509050418,11812.18409231228,-53398.37393014238,Good,Married,,701
52.0,2.0,-67066.46802299074,-33129.119638078584,-49335.07340340038,,,,36.0,300
68.0,,-63159.255604008315,-7324.279756059721,-6986.218148016397,551.0277594506823,Good,Divorced,48.0,300
25.0,,37062.79962269383,62356.930665645945,,-49839.45619748277,Average,Married,60.0,518
,2.0,-94625.37943647619,24382.361505559704,,-14344.243593228437,Good,,36.0,300
,3.0,-42312.035598956645,72456.95105509913,-10319.749048375832,-17510.183096645804,Good,,48.0,404
21.0,0.0,-46865.05074974381,,4461.2488204892015,20833.274218761147,Bad,Married,48.0,300
68.0,,6447.426910584503,-169985.42817576573,5149.570911065195,5380.823041397924,Average,Single,12.0,300
60.0,5.0,-46339.172131508414,42104.732131743796,,-14813.03428137939,Average,Divorced,24.0,300
,,135255.3743471083,9732.517065575716,5719.303585420916,14178.265828796628,Good,,60.0,649
40.0,0.0,58016.486018221316,20880.938540032446,25079.65608213588,12071.505453011428,Good,Single,12.0,613
,,,-33861.20663991408,,-25029.16767058927,Bad,Single,36.0,483
44.0,,-125880.5623339309,-34336.00573876251,3345.662029314561,7211.178464100655,,Single,,300
24.0,3.0,,19164.21617799459,4123.472456984684,-5310.78811011022,Bad,Married,,326
,3.0,3004.251515093576,,,-38539.99463860702,Average,Married,24.0,333
20.0,1.0,,1338.2518997130978,-41905.67883457868,-5291.537959944038,,Divorced,48.0,358
48.0,,149274.67133394774,-4645.132492365782,19574.024110431637,-1215.6068435949026,Good,Single,,625
69.0,0.0,26574.15565177299,69135.69690439454,,15953.457848027836,,Divorced,60.0,511
20.0,4.0,177020.58732325034,-53582.63885860627,,-29232.593227176225,Average,Married,60.0,536
63.0,5.0,,-65142.082538249844,-14524.694496837983,,Average,,36.0,300
39.0,4.0,11425.500246041463,-20232.42530366771,14027.004573558293,-6084.817118773659,Good,Single,36.0,300
44.0,1.0,-185159.5903242701,,69906.13160770226,,Bad,Single,60.0,300
49.0,5.0,,-14555.697704821307,,,,Divorced,48.0,300
67.0,1.0,225877.4765125283,-31860.99922818345,-6739.904458233385,4724.900356716147,Bad,Single,12.0,754
31.0,2.0,129391.43365648472,-16154.787663065083,30054.362606661354,31233.801279404932,,Single,60.0,506
37.0,,48518.376383068215,-71724.39977414421,-5497.297803896762,-23865.576646251313,Average,Married,48.0,300
49.0,2.0,-57594.38993578762,63021.959313820786,,19727.72753848986,,Married,36.0,398
,1.0,24184.56615694004,-28915.006120980364,-57829.24364521327,-21406.246298860413,Good,,36.0,388
53.0,5.0,38075.74611851189,-60328.0412365131,5872.678202527453,38376.93571068729,Average,Married,24.0,300
51.0,5.0,139888.98975037696,-65538.94474153197,15727.887844845822,1243.9325062640994,Bad,Single,24.0,380
47.0,2.0,165346.76498771337,32773.349972134536,,-8326.655535716394,Average,Divorced,48.0,720
37.0,3.0,81434.18909978478,-16782.157471078004,7084.410196876053,-34508.582943517285,Average,Single,48.0,443
30.0,5.0,39415.62332257556,25784.32100530579,8747.99026790777,-48769.45664382297,Bad,,48.0,334
66.0,2.0,-71308.82505648684,8189.20960394549,16093.316709925231,33195.286301544635,Good,Divorced,60.0,300
57.0,,41020.85499680237,19999.32663471276,-1072.6019921120896,,Average,Single,12.0,418
,,305688.145678799,16054.873477807094,-13631.720248841753,-4653.178078939597,Average,Married,12.0,850
66.0,4.0,,7032.83383940477,1852.8052480902497,34747.59139180395,Good,Single,36.0,367
,1.0,67378.0490263053,-41788.10345567223,19502.389183628362,-9330.651892165544,Average,Single,12.0,467
23.0,,93619.29048327524,-46892.21083809522,-3070.957777387397,-16047.462700966084,Average,,48.0,367
34.0,4.0,216058.35345310965,-48342.814287228364,3998.1356542557482,,Bad,Divorced,48.0,549
54.0,0.0,,-8742.353324118762,-21809.772573729388,46187.73813571266,Average,Married,36.0,456
49.0,1.0,157424.47210321407,2448.44161617839,-33171.42427991074,,Good,Married,60.0,709
61.0,,-28412.73499328611,-16801.025131645463,28754.868012765135,-32280.131694478765,Good,Divorced,36.0,300
58.0,,-62055.435907456456,48826.18228102528,-16437.792310090386,14103.198742098948,Bad,Married,48.0,317
47.0,1.0,-98415.28528450619,-2298.4583266026657,,40525.62172009174,,Married,,300
49.0,3.0,325329.1867262869,10184.68946665692,-15213.991957427925,-35341.75515927149,Good,Married,24.0,850
42.0,2.0,22773.631844252955,67806.47473572029,12930.69437347513,-25771.548027817505,Average,Single,48.0,525
,3.0,-147550.63176159048,-73783.6360697211,-20875.04011307648,-17680.748433120356,Average,,12.0,300
48.0,,340079.5381327358,22090.5475230765,27257.81210729355,17676.726541029642,Good,Married,48.0,850
45.0,4.0,,-6837.102564010118,,-10394.105638714547,Average,,48.0,779
55.0,5.0,238332.0533022984,-19026.773362356813,-14036.343688290373,35326.90037032404,Bad,Divorced,48.0,622
27.0,1.0,-224109.4038641732,-22942.603132095042,,-18786.79218704862,Bad,Single,24.0,300
34.0,5.0,96589.81974524273,-71214.43159768902,,10070.06309576554,Average,,60.0,300
23.0,1.0,62773.95568704946,39210.212071363065,,-9491.203148269957,,Married,60.0,593
39.0,,-66872.06426708789,26912.585129761872,-32747.727426909732,19516.623970503206,Good,Single,24.0,300
30.0,,-106672.4314747556,-67331.91080842192,-15735.152552665228,,,Married,48.0,300
67.0,3.0,,-37162.99354136701,,-7357.472420178714,Good,Single,60.0,786
65.0,2.0,-86040.2389823601,87892.89172928022,41601.77322869622,29989.63827352301,Average,Single,12.0,389
35.0,0.0,89114.91063307598,-24237.121270609226,25661.185752497982,60952.18916048863,Average,Divorced,12.0,555
39.0,3.0,-124443.37613147008,-28764.33667272651,45052.72639841484,19512.035336453744,Average,Single,,300
45.0,1.0,22163.969213328863,4691.511332759337,-10885.253210981393,-9338.852363053265,Good,,48.0,417
,2.0,-252635.22588713607,-24747.77065061029,-1740.9631022976307,,Average,,60.0,300
27.0,4.0,-159134.76963788032,,-9285.068469248461,-32134.91983324788,Bad,Single,48.0,300
,4.0,83201.65610550088,27986.566171794086,23254.408702895144,5083.289377800659,Average,Married,36.0,540
39.0,5.0,-83084.22295543642,-48395.335611220595,1297.3005590804642,63693.82647370505,Good,Married,24.0,300
64.0,0.0,10879.165665092247,20892.623588124807,-9477.707853855805,28712.16595154496,,,36.0,501
61.0,0.0,160529.4941098468,-55634.72197760973,36008.59958602242,-14235.107339860551,Average,Divorced,36.0,607
38.0,,228844.35904859152,-66585.4994111869,-20919.46529711225,-29758.313026986983,Bad,Divorced,36.0,642
26.0,0.0,69350.21705464507,-73622.90201015183,16268.943391980947,-5806.652998174929,Good,Single,24.0,433
47.0,2.0,43053.58489697992,-39067.59912265392,8116.571339381562,15640.571782125537,Bad,,60.0,307
46.0,2.0,,14879.89640087994,,,Good,Divorced,48.0,762
19.0,3.0,,53297.00875562132,-23998.351623064646,-40286.70240120429,Bad,Married,24.0,300
20.0,2.0,196714.3208206027,-5073.307945698873,-27043.73651533864,-27443.974378071594,Average,Divorced,36.0,721
63.0,1.0,-222914.61137506954,4183.953380957128,-27537.538599849533,-20906.391061568607,Good,,60.0,300
58.0,3.0,,-45268.34665840913,-811.5713464221845,10178.344387502999,Average,Divorced,24.0,300
,0.0,248013.9659730664,-92143.69209237023,-24875.68242779111,,Bad,,12.0,707
34.0,2.0,115519.50015783642,100621.08309990072,21199.21192817482,-35648.82956722048,Bad,Married,36.0,760
42.0,3.0,,-1080.671806844206,85605.36232175825,,Bad,Single,24.0,526
34.0,4.0,-105803.00772788352,56296.1071027977,,2300.774849042652,Bad,Divorced,24.0,300
69.0,5.0,-36211.40470563617,-55735.69864928728,-3309.932872180311,5581.285221466859,Bad,,48.0,300
51.0,,,-55825.85942644151,,-37113.26580785992,,Married,60.0,344
32.0,1.0,-18547.304974128943,-10195.710506720576,,,Bad,,24.0,314
48.0,,-77971.36742270087,-86656.65288631707,-10350.324669618629,72043.9166848713,Bad,,48.0,300
33.0,4.0,83159.66628065848,-11395.674363889888,-14284.981560322769,10894.655404646153,,Single,24.0,465
48.0,3.0,224886.93526407215,6952.508006898326,25055.423559548824,-66258.33228972847,Good,,60.0,753
57.0,4.0,154527.83504863002,42604.76972513351,-2897.703863471576,11492.481402016969,Average,Married,36.0,712
34.0,3.0,220795.76830417977,162416.79281363642,-648.1495647482909,70348.23990596048,Bad,,36.0,850
34.0,3.0,-71505.96564281426,,10002.407042413823,-8552.415562157332,,,12.0,300
58.0,5.0,-94954.50640577704,,-4550.712322817529,-8098.202455209356,Average,,36.0,300
65.0,,1303.438628544307,59173.32741102128,46566.221016570205,-28452.867555428948,Bad,Divorced,,376
66.0,5.0,181936.94552692602,-24552.72653588149,,14413.32120900935,Bad,,36.0,552
63.0,0.0,161392.1503112002,44727.672770618956,35786.39332581566,-7929.499222187711,Good,Divorced,36.0,820
36.0,3.0,208476.40033703975,-56649.756827755264,-728.810314003277,,Average,Divorced,60.0,583
53.0,1.0,-111006.27789875757,-32370.421688454277,,-31541.740269828686,Average,Single,60.0,300
70.0,0.0,-85732.82058316142,-37920.30445408544,,,Bad,Married,60.0,300
64.0,5.0,-36483.181440054235,-3751.730420514017,4184.156128016349,-10824.27644042233,,Married,36.0,300
23.0,2.0,-54065.41414441574,-10444.59165671703,,-51150.77684654016,Average,,48.0,300
61.0,,-286061.6001893237,21069.801831814046,-12119.930223722922,17967.821615964647,Average,Divorced,48.0,300
47.0,0.0,78213.76528102417,3644.6431054809427,22352.623252085963,-25532.403292214072,Average,Single,36.0,581
52.0,,-75193.2394022722,49748.695108185406,20183.535510754686,-37161.10093693474,Average,Married,24.0,401
66.0,1.0,-161587.7247769763,5550.602320203987,-25663.95803389071,-45185.79182537523,Bad,Divorced,12.0,300
46.0,2.0,94156.3066195127,5785.010579144238,,73569.94719106496,Good,Married,48.0,573
57.0,4.0,123480.89996842638,-69482.06727628563,34021.47405328017,-37873.95046403848,,Single,36.0,355
55.0,,-140932.56111192913,,16483.30642713705,,,Single,12.0,300
64.0,4.0,95624.29238673851,,52338.03867313218,,Average,Divorced,60.0,375
,5.0,-50621.29889980647,-63824.11113219806,-21951.875621863197,-1886.565692178081,Bad,Married,12.0,300
31.0,,-30242.262941033536,14154.08189438709,-2443.1346369748553,33663.141923374154,Good,Divorced,12.0,313
62.0,1.0,,56327.56798540538,-56086.10128058711,95643.58958020377,Bad,Single,36.0,850
