Age,Dependents,Income,LoanAmount,CurrentBalance,PreviousBalance,Period,CreditHistory_Bad,CreditHistory_Good,MaritalStatus_Married,MaritalStatus_Single
0.49035111230233186,0.4,0.7920004071028555,0.18900740309341382,0.9778033642092676,0.5070750653682783,1.0,0.0,0.0,1.0,0.0
0.6153846153846154,0.0,0.7071937002279559,0.9252796320782125,0.40827183619711993,0.646468983355017,0.75,0.0,1.0,0.0,1.0
0.576923076923077,0.4,0.2960206097117654,0.9514615274005925,0.48003178822288284,0.5070750653682783,1.0,1.0,0.0,0.0,0.0
0.0961538461538462,1.0,0.7958760852742645,0.3396679953007396,0.9455642724475014,0.7639839980500965,0.75,0.0,0.0,1.0,0.0
0.49035111230233186,0.2,0.9426644285811644,0.11301291917990713,0.910369297249186,0.25362183053689863,0.25,1.0,0.0,0.0,1.0
0.019230769230769273,0.8,0.8629661456706933,0.2580681124036519,0.4982371328459459,0.5970996758803844,1.0,0.0,0.0,1.0,0.0
0.21153846153846156,1.0,0.390203300142961,0.9764155314181944,0.23066082783845587,0.21513871391939218,0.5,0.0,0.0,0.0,0.0
0.40384615384615385,0.6000000000000001,0.3188425255058836,1.0,0.8761868825347505,1.0,0.5,0.0,0.0,0.0,1.0
0.23076923076923084,0.0,0.38238495414512097,0.7158244468892251,0.20210471993804455,0.9431931752050564,0.25,1.0,0.0,0.0,0.0
0.5961538461538463,1.0,0.951402253261301,0.20657392544691527,0.8600171256228648,0.381034802633054,0.5,1.0,0.0,0.0,1.0
0.6346153846153847,0.0,0.9830823515285393,0.33135872230920416,0.5688370320366708,0.48189556554900925,0.25,1.0,0.0,1.0,0.0
0.13461538461538464,0.0,0.1499541900649785,0.08625754628851283,0.4982371328459459,0.4242831604149409,0.5,0.0,1.0,1.0,0.0
0.49035111230233186,0.8,0.7168582006823195,0.312598823437103,0.6476305632162646,0.5070750653682783,0.0,0.0,0.0,1.0,0.0
0.25,1.0,0.06432288295819802,0.4189997759830356,0.10304588076129796,0.20767933679211956,0.49753289473684204,1.0,0.0,0.0,1.0
0.019230769230769273,0.6000000000000001,0.5065447758195462,0.5997112701256144,0.9117273214003209,0.621315660078079,0.0,0.0,0.0,0.0,0.0
0.6730769230769232,0.6000000000000001,0.4844071068860427,0.3669653208669081,0.4982371328459459,0.23978331210433385,0.5,0.0,0.0,0.0,1.0
0.9615384615384616,1.0,0.7470139605606694,0.4947878011911207,0.29474350262997245,0.275112115283419,0.5,0.0,1.0,1.0,0.0
0.34615384615384615,0.0,0.37968179044050765,0.5178466630597189,0.4982371328459459,0.5070750653682783,0.0,0.0,0.0,1.0,0.0
0.7115384615384616,0.2,0.7366925273532744,0.8863248999271293,0.8229744156087585,0.02305502592367681,0.25,0.0,0.0,0.0,0.0
0.8846153846153847,1.0,0.039585746245509174,0.37611246106507595,0.20341896261729495,0.5070750653682783,0.25,1.0,0.0,0.0,0.0
0.8846153846153847,1.0,0.8339040365043414,0.29746234086057055,0.08178149097209017,0.30025951852872973,0.49753289473684204,0.0,1.0,1.0,0.0
0.21153846153846156,0.2,0.8867453987721984,0.20410867365544755,0.29300790304215796,0.8594523516596695,0.5,0.0,0.0,0.0,0.0
0.9230769230769232,0.2,0.4425315434312663,0.15813616153479948,0.4982371328459459,0.5846167191223631,1.0,0.0,0.0,1.0,0.0
0.3076923076923077,0.6000000000000001,0.3278393657353223,0.3699905180861541,0.6539633381063356,0.7167166260884219,1.0,0.0,0.0,1.0,0.0
0.6153846153846154,0.2,0.9448734146086003,0.5492271499794781,0.9205587834712244,0.5070750653682783,0.5,1.0,0.0,0.0,0.0
0.4423076923076924,0.6000000000000001,0.8005526223883902,0.4947878011911207,0.3076615335618002,0.4770715670677198,0.75,1.0,0.0,1.0,0.0
0.3846153846153847,1.0,0.5523431844626326,0.3251179926428934,0.6443932069123426,0.600669392293048,1.0,1.0,0.0,0.0,0.0
0.980769230769231,0.4,0.5574795877406276,0.9104094360421758,0.28429010812088484,0.8262305338663161,0.0,0.0,0.0,0.0,1.0
0.49035111230233186,0.0,0.9446114593942373,0.2220330630506022,0.10087342470672889,0.5495606212938355,0.25,0.0,1.0,1.0,0.0
0.17307692307692313,1.0,0.9941138608737502,0.820162440450725,0.5734272719313827,0.994479054072318,0.0,1.0,0.0,0.0,1.0
0.46153846153846156,0.8,0.8033440011869422,0.8664899227120172,0.6267497307662997,0.1538536797060555,0.25,0.0,1.0,0.0,0.0
0.0,0.2,0.7226016020393443,0.34886894652552763,0.8000489742724157,0.9353140681834061,0.75,0.0,0.0,1.0,0.0
0.826923076923077,0.4,0.13531116156163525,0.523809062771151,0.1922012390170594,0.9644018545136417,0.75,0.0,1.0,0.0,1.0
0.6923076923076924,1.0,0.5504036455266045,0.28704925406543996,0.7319235099500556,0.5070750653682783,0.25,0.0,1.0,0.0,0.0
0.28846153846153855,1.0,0.38006552590787934,0.495796026261678,0.4982371328459459,0.5070750653682783,0.0,0.0,1.0,1.0,0.0
0.49035111230233186,1.0,0.8231679248811894,0.4947878011911207,0.4696411625833521,0.48590336927991695,1.0,0.0,0.0,0.0,1.0
0.8461538461538461,0.4,0.5663423495329228,0.14269650210869894,0.4982371328459459,0.4691104161590743,0.25,0.0,1.0,0.0,1.0
0.9038461538461539,0.0,0.5877227162585713,0.0030457114609873763,0.5057466509186876,0.5070750653682783,0.75,0.0,1.0,0.0,1.0
0.826923076923077,0.6000000000000001,0.7765783745892565,0.2528685240747966,0.5003548032985629,0.10445544893516533,0.25,1.0,0.0,0.0,0.0
0.576923076923077,0.8,0.8406094709985862,0.9534987524359632,0.4982371328459459,0.5988046144249892,0.25,0.0,1.0,1.0,0.0
0.49035111230233186,0.2,0.21621741422371704,0.4947878011911207,0.12433125541584406,0.88008662355467,0.0,0.0,1.0,1.0,0.0
0.6538461538461539,0.6000000000000001,0.09998471283223942,0.8913165922993064,0.4042126507558499,0.6742306986290771,0.0,0.0,1.0,0.0,0.0
0.9230769230769232,0.4,0.9638523784844898,0.8563375063489437,0.600024711728176,0.5827432572772008,0.75,0.0,1.0,1.0,0.0
0.7500000000000001,1.0,0.6706875912961037,0.4947878011911207,0.4982371328459459,0.09478541721419055,1.0,0.0,1.0,0.0,0.0
0.49035111230233186,1.0,0.027425367983221538,0.6887967962061232,0.7603370573481828,0.5126516698904126,0.5,0.0,1.0,1.0,0.0
0.03846153846153849,1.0,0.18615134829446878,0.9566476254593903,0.3620238197767891,0.6119978934951558,0.75,1.0,0.0,1.0,0.0
0.5000000000000001,0.2,0.5395518294961391,0.7516739494015798,0.786673733550942,0.734340295894725,0.5,0.0,0.0,1.0,0.0
0.2692307692307693,1.0,0.09766128305535704,0.967596367548523,0.5520630837501401,0.5070750653682783,0.25,0.0,1.0,1.0,0.0
0.4423076923076924,0.4,0.4860742222252422,0.4149315628811319,0.11406893281208556,0.7075871310605307,0.0,1.0,0.0,0.0,1.0
0.6538461538461539,0.4,0.285740209950077,0.539029848002626,0.99947414871827,0.11023858397269364,0.5,0.0,0.0,1.0,0.0
0.49035111230233186,0.8,0.921263833669718,0.05219821420805715,0.6114832061511,0.5070750653682783,0.49753289473684204,0.0,1.0,0.0,0.0
0.326923076923077,0.4,0.49211032908398544,0.9049239367326777,0.6780162901354749,0.13764017222492242,0.75,0.0,0.0,0.0,1.0
0.49035111230233186,0.0,0.14497876235900548,0.5504647724001805,0.7334597137478466,0.5343119490204498,1.0,0.0,0.0,0.0,1.0
0.49035111230233186,0.4,0.12374636588941901,0.8171813709804385,0.6179931032166665,0.8540220083146791,0.25,0.0,1.0,1.0,0.0
0.9038461538461539,0.4,0.4582938834646112,0.6341235369248353,0.0,0.6018685811148357,0.75,0.0,1.0,1.0,0.0
0.326923076923077,0.6000000000000001,0.6444000470696168,0.5515980133008335,0.008709861255882271,0.5705017222124436,1.0,0.0,0.0,1.0,0.0
0.07692307692307698,0.2,0.18294010284211665,0.18496499264630367,0.6855061008535949,0.6810066297924106,0.5,1.0,0.0,0.0,1.0
0.28846153846153855,0.2,0.8816602986349685,0.3230271658062413,0.60050170046968,0.383279022478692,0.75,0.0,1.0,1.0,0.0
0.49035111230233186,0.4,0.8314908009869929,0.7641847530886104,0.424678160997273,0.5070750653682783,0.25,0.0,1.0,1.0,0.0
0.826923076923077,1.0,0.8862930437896904,0.4043647145393893,0.4982371328459459,0.12897382881559374,0.0,0.0,1.0,1.0,0.0
0.0961538461538462,0.2,0.4725708901946588,0.4285507759563929,0.7197628228536489,0.993397158449277,0.5,0.0,0.0,0.0,0.0
0.6538461538461539,1.0,0.6618013578790694,0.5083601802476144,0.2630341577471077,0.5427449868720164,1.0,0.0,0.0,0.0,0.0
0.49035111230233186,0.2,0.3262068474587139,0.7363549099115246,0.8736747457614759,0.5070750653682783,0.0,0.0,1.0,1.0,0.0
0.23076923076923084,1.0,0.20413392858177676,0.6311798839040148,0.1952451181509721,0.3446865234517524,0.49753289473684204,0.0,1.0,1.0,0.0
0.28846153846153855,0.0,0.9791312166614626,0.6679269295106244,0.7925752454079852,0.20560677625730592,0.75,0.0,0.0,0.0,0.0
0.326923076923077,0.2,0.5483831185150783,0.8933326133391157,0.3789191880328971,0.01638428588096573,0.49753289473684204,0.0,0.0,1.0,0.0
0.5384615384615385,0.4,0.8369895407810946,0.738679053488309,0.182062377889974,0.5070750653682783,0.0,0.0,0.0,0.0,0.0
0.03846153846153849,0.0,0.9506111725726044,0.7942422038251423,0.43772074678565454,0.5070750653682783,0.0,0.0,0.0,0.0,1.0
0.3653846153846154,1.0,0.928449432610503,0.6157156488204283,0.4982371328459459,0.8696808187178537,0.5,1.0,0.0,0.0,0.0
0.0961538461538462,0.6000000000000001,0.26949186557785143,0.8415235265599776,0.8542464733941849,0.6614700150275219,0.25,0.0,1.0,0.0,0.0
0.40384615384615385,0.4,0.11415860116124094,0.7010263646431087,0.7284016423265434,0.8015040995450632,0.25,0.0,1.0,0.0,1.0
0.49035111230233186,0.4,0.5513645257211215,0.5947219208547199,0.4982371328459459,0.642835939861052,0.0,0.0,0.0,0.0,1.0
0.9615384615384616,0.8,0.27828834131142166,0.20121990446653312,0.4982371328459459,0.15117505551879623,0.25,0.0,0.0,1.0,0.0
0.49035111230233186,0.4,0.7459884225160409,0.7752928671184212,0.27831368006570023,0.5070750653682783,0.25,0.0,0.0,1.0,0.0
0.8653846153846155,0.6000000000000001,0.5746206897642526,0.18002085174039362,0.525244296027776,0.6769143894775593,0.0,0.0,0.0,0.0,1.0
0.7884615384615384,0.6000000000000001,0.750292601413268,0.631266655930878,0.7528941618660251,0.5070750653682783,0.75,1.0,0.0,0.0,0.0
0.826923076923077,1.0,0.5781448955987026,0.5938466121561718,0.44705960666115613,0.4913774791759092,0.25,0.0,0.0,0.0,1.0
0.34615384615384615,1.0,0.43194873163156433,0.026475843913953304,0.4982371328459459,0.037844638028135,1.0,0.0,0.0,1.0,0.0
0.4423076923076924,0.6000000000000001,0.7413605434210514,0.8778277373782145,0.7217441008149228,0.5070750653682783,1.0,1.0,0.0,0.0,0.0
0.0,0.4,0.5541908367713209,0.18344802697086693,0.44202973107759086,0.6517736059417008,0.5,1.0,0.0,0.0,1.0
0.15384615384615385,0.4,0.07716865232203604,0.4947878011911207,0.38256429055378083,0.9317502404222505,0.0,1.0,0.0,1.0,0.0
0.15384615384615385,1.0,0.36992590843179385,0.7637569306326798,0.009399493708941166,0.6161411999158193,1.0,0.0,1.0,0.0,1.0
0.40384615384615385,0.4,0.6285405990879398,0.19237617483045966,0.9470462008316244,0.5348703626908878,1.0,1.0,0.0,0.0,0.0
0.17307692307692313,1.0,0.017921695036092117,0.5077688636005256,0.6817356339482917,0.6001520471661754,0.49753289473684204,0.0,1.0,1.0,0.0
0.49035111230233186,0.6000000000000001,0.7037416331162458,0.0025709930630913695,0.4982371328459459,0.224277030731971,0.5,0.0,0.0,0.0,1.0
0.9230769230769232,1.0,0.19062003019627088,0.9669668476315799,0.638109605688288,0.7907314768664574,0.5,1.0,0.0,1.0,0.0
0.9230769230769232,0.4,0.8305680542785941,0.5257526643840255,0.4982371328459459,0.18190329007843575,1.0,0.0,0.0,1.0,0.0
0.980769230769231,0.8,0.5654173216602411,0.06557115231001429,0.7472796659224785,0.6993747612529012,0.5,0.0,0.0,0.0,0.0
0.42307692307692313,0.6000000000000001,0.08878956274553815,0.5975632090897395,0.6768677628871856,0.017906060795035924,0.25,0.0,0.0,1.0,0.0
0.6730769230769232,0.0,0.42748147285930316,0.8195886018795465,0.4982371328459459,0.5070750653682783,0.25,1.0,0.0,1.0,0.0
0.40384615384615385,0.4,0.49211032908398544,0.5013787776804857,0.7866277628735606,0.24168040081976955,0.49753289473684204,0.0,0.0,0.0,1.0
0.49035111230233186,1.0,0.5061093537338344,0.9980167759800168,0.7424264968488092,0.3838306936191933,1.0,0.0,0.0,0.0,0.0
0.6538461538461539,0.6000000000000001,0.49211032908398544,0.7662349776597163,0.917683486929767,0.11773849401808822,0.0,0.0,1.0,0.0,0.0
0.03846153846153849,0.8,0.6493113878363688,0.4947878011911207,0.5537986504942592,0.10475955143106631,1.0,0.0,0.0,0.0,1.0
0.05769230769230771,0.6000000000000001,0.5539695396069393,0.9374542614849665,0.4982371328459459,0.4640301717711353,0.25,0.0,1.0,1.0,0.0
0.49035111230233186,0.4,0.10462676952198469,0.0590578550347273,0.03860484973585691,0.5908456617636613,0.5,0.0,0.0,0.0,0.0
0.48076923076923084,0.6000000000000001,0.12002081135148979,0.9090426043837448,0.09983939184902992,0.08941187889987148,0.25,1.0,0.0,0.0,0.0
0.28846153846153855,0.2,0.9203965162180091,0.15307539411173227,0.9918577995447512,0.5874008019683669,0.25,0.0,1.0,1.0,0.0
0.6346153846153847,0.0,0.7179626823075845,0.17242194327362603,0.860600335214405,0.22477245370657703,0.0,0.0,1.0,1.0,0.0
0.3846153846153847,0.8,0.4741564854954249,0.6811863523576107,0.5153053320702508,0.3257325630284571,0.49753289473684204,1.0,0.0,1.0,0.0
0.730769230769231,0.0,0.49211032908398544,0.9333447339444007,0.9109241897949653,0.600168756551685,1.0,0.0,0.0,1.0,0.0
0.5192307692307693,0.6000000000000001,0.40263974277445547,0.9439887928728855,0.4982371328459459,0.49319026825652607,0.49753289473684204,1.0,0.0,1.0,0.0
0.0,1.0,0.5057769124258016,0.4947878011911207,0.4079103020481509,0.7924012931531109,0.25,1.0,0.0,1.0,0.0
0.40384615384615385,1.0,0.02265426473816526,0.7880881103064631,0.5396165554887972,0.49139002891214895,0.25,0.0,1.0,0.0,0.0
0.34615384615384615,1.0,0.22971906161963873,0.8993095784327192,0.21801130770881502,0.020342875932703786,0.25,0.0,1.0,1.0,0.0
0.48076923076923084,0.2,0.36002034601823585,0.6711309039566878,1.0000000000000002,0.178858677603295,0.0,0.0,0.0,0.0,1.0
0.49035111230233186,0.0,0.49438132047448113,0.28870897751978003,0.37958220080078353,0.6109178724107069,1.0,0.0,0.0,0.0,1.0
0.7500000000000001,0.2,0.12861056376997754,0.6787478020304748,0.9959032631538535,0.8691026566613492,0.25,1.0,0.0,0.0,1.0
0.03846153846153849,0.4,0.4424917952548043,0.3755349764611273,0.6094189095199046,0.2896189983816564,0.49753289473684204,1.0,0.0,1.0,0.0
0.46153846153846156,1.0,0.6283057057011101,0.8458146210132536,0.523222917015951,0.4557629749713104,0.5,0.0,1.0,1.0,0.0
0.0961538461538462,1.0,0.56298755808956,0.893025722030022,0.26016833945135714,0.5070750653682783,0.25,1.0,0.0,0.0,0.0
0.9038461538461539,1.0,0.20170524506632265,0.039878016608243125,0.48673760627025336,0.8481444483915086,0.49753289473684204,0.0,0.0,0.0,1.0
0.49035111230233186,1.0,0.9580891671709294,0.2845155081009614,0.024133355115179292,0.8234909507642102,0.25,1.0,0.0,1.0,0.0
0.4423076923076924,0.4,0.4008672089862687,0.36126484398684283,0.6835986975685119,0.5836027063820198,0.5,1.0,0.0,0.0,1.0
0.8846153846153847,0.6000000000000001,0.05523647986440772,0.02704736302789069,0.15801388400571242,0.5070750653682783,0.49753289473684204,0.0,0.0,0.0,1.0
0.9230769230769232,0.4,0.09531999776460726,0.2736562653987907,0.6677462447009783,0.4824913196623448,0.5,0.0,1.0,1.0,0.0
0.03846153846153849,0.6000000000000001,0.852307906239285,0.19628079676634463,0.1667071219623427,0.9083413190381119,0.25,1.0,0.0,1.0,0.0
0.5576923076923077,1.0,0.2559405942518871,0.7504109664035304,0.4800701739775316,0.4876876688921639,0.25,0.0,0.0,0.0,0.0
0.03846153846153849,0.8,0.28787616935719745,0.3303439194921583,0.4982371328459459,0.9583105441303963,1.0,1.0,0.0,0.0,0.0
0.6346153846153847,1.0,0.9407668616102379,0.4947878011911207,0.34545850516132265,0.5070750653682783,0.5,0.0,0.0,0.0,0.0
0.5961538461538463,0.2,0.962990812925702,0.07190344968659405,0.4982371328459459,0.8816595893891475,0.0,0.0,0.0,0.0,1.0
0.3653846153846154,0.4,0.8684453856803384,0.3346663378314011,0.48887514659975356,0.9863882945807497,0.5,1.0,0.0,1.0,0.0
0.7884615384615384,0.2,0.4735902468586518,0.8580064362747415,0.009181674435402595,0.0812359796080779,0.5,0.0,1.0,1.0,0.0
0.28846153846153855,0.8,0.909695348373237,0.838889667517757,0.5542665387489674,0.5477145058412936,0.49753289473684204,1.0,0.0,0.0,1.0
0.3846153846153847,0.8,0.4448169246606658,0.9005679191484207,0.7057407559387141,0.9089635114156528,0.49753289473684204,0.0,0.0,1.0,0.0
0.326923076923077,1.0,0.11465108253893991,0.6241242250052239,0.7253357346350299,0.2643573608726826,0.75,0.0,1.0,0.0,0.0
0.17307692307692313,0.2,0.24737511944975354,0.6949799895377127,0.20126908794622003,0.5969134330184478,0.5,1.0,0.0,0.0,0.0
0.7884615384615384,1.0,0.9999999999999999,0.8588220731143503,0.7063494609651312,0.5760171530962561,0.75,0.0,0.0,0.0,0.0
0.6538461538461539,0.6000000000000001,0.7312766098849559,0.16187595436254262,0.14534962840256005,0.5070750653682783,1.0,0.0,1.0,0.0,1.0
0.34615384615384615,1.0,0.6645294098953443,0.17188200043282678,0.5704366884671085,0.23420901447171516,0.75,0.0,1.0,0.0,1.0
0.5384615384615385,0.2,0.49211032908398544,0.5566737046923437,0.8196647201892711,0.48207379050507626,0.0,0.0,0.0,0.0,0.0
0.7115384615384616,0.8,0.8437202821265747,0.8974935759254901,0.10188458181057636,0.4542128857637595,0.0,0.0,0.0,1.0,0.0
0.326923076923077,0.0,0.6541562734570309,0.7261936330229574,0.7183947825417129,0.27855706019163334,0.0,1.0,0.0,1.0,0.0
0.5000000000000001,0.8,0.004298022992627132,0.8261996428920195,0.5803285796029252,0.5070750653682783,0.5,0.0,0.0,0.0,0.0
0.13461538461538464,1.0,0.6925135768478983,0.6223421179612517,0.9560117727500751,0.9301407840537497,0.5,0.0,0.0,0.0,0.0
0.49035111230233186,0.0,0.39056689731614125,0.5749836900066568,0.3640454370935856,0.7768665208891836,0.5,0.0,1.0,0.0,1.0
0.49035111230233186,1.0,0.6910603548042006,0.5398378789928403,0.4982371328459459,0.7950049089578828,0.25,0.0,0.0,1.0,0.0
0.7115384615384616,0.6000000000000001,0.2981424440733966,0.4229632445460405,0.5419116119214895,0.2170959412863898,1.0,1.0,0.0,0.0,1.0
0.5384615384615385,0.4,0.27684929202881287,0.316859433228384,0.6281823946615931,0.882146187878885,0.75,0.0,1.0,0.0,1.0
0.8653846153846155,0.2,0.5403920452416209,0.052637697399202765,0.569694763192661,0.5070750653682783,0.5,0.0,0.0,0.0,0.0
0.5000000000000001,1.0,0.4691007167288803,0.4947878011911207,0.9005450286612487,0.5070750653682783,0.5,1.0,0.0,0.0,0.0
0.3076923076923077,0.6000000000000001,0.47656289983906763,0.827816009966182,0.4982371328459459,0.2583977399917773,1.0,0.0,0.0,1.0,0.0
0.9038461538461539,1.0,0.5957574080783536,0.3106232075441609,0.06673725312823597,0.411084429161592,1.0,0.0,1.0,0.0,0.0
0.49035111230233186,0.0,0.10741076807203093,0.4947878011911207,0.7552108833761834,0.5070750653682783,0.25,0.0,0.0,0.0,0.0
0.49035111230233186,0.4,0.13913204207644186,0.5510664124412737,0.5287121302094939,0.576935773240834,0.5,1.0,0.0,0.0,0.0
0.34615384615384615,0.0,0.775784974284452,0.29219259414372994,0.2950316895313107,0.22682439465713658,0.75,0.0,1.0,1.0,0.0
0.34615384615384615,0.8,0.42900026794235324,0.13703112738142445,0.6536775703391438,0.4153183608904102,0.25,0.0,0.0,1.0,0.0
0.25,0.6000000000000001,0.41373105313591574,0.9069190412713596,0.7976061577066097,0.2689544089339262,0.49753289473684204,0.0,1.0,0.0,0.0
0.46153846153846156,0.8,0.05034971167121663,0.5844045636385646,0.4149727316952442,0.9952262844644005,0.75,0.0,1.0,1.0,0.0
0.730769230769231,1.0,0.17460294407180693,0.895308443246746,0.6647702087621797,0.7705015426613544,0.25,0.0,0.0,0.0,1.0
0.49035111230233186,0.0,0.6469629815355511,0.6577669960762438,0.08338766926272799,0.5070750653682783,0.49753289473684204,1.0,0.0,0.0,1.0
0.6346153846153847,0.8,0.6437973345840885,0.8290665656677764,0.4982371328459459,0.14867390380847575,0.25,0.0,0.0,0.0,0.0
0.7115384615384616,0.0,0.3918418237331467,0.11318863713974803,0.9620936291552329,0.5070750653682783,1.0,0.0,1.0,0.0,0.0
0.3846153846153847,1.0,0.3542456586623186,0.9895953713737872,0.29417577428496916,0.640385593963954,0.5,0.0,1.0,1.0,0.0
0.3846153846153847,0.8,0.2352638735766696,0.7219527534357112,0.8235707174839082,0.3771930600079139,0.25,0.0,1.0,0.0,0.0
0.326923076923077,0.0,0.5831224163428742,0.7970212996094036,0.15318608449850363,0.1266919576824377,0.5,0.0,1.0,0.0,1.0
0.13461538461538464,1.0,0.38398083663890314,0.005325129938822112,0.4982371328459459,0.6483849249906881,1.0,0.0,1.0,1.0,0.0
0.49035111230233186,1.0,0.3957858199944456,0.3779400465355483,0.51144938845343,0.5070750653682783,1.0,0.0,0.0,1.0,0.0
0.826923076923077,0.6000000000000001,0.9437146736837231,0.5538362183179868,0.47891208349017667,0.4485834598706002,0.75,1.0,0.0,0.0,0.0
0.0,0.4,0.49211032908398544,0.0983054037985487,0.6224095479792617,0.5070750653682783,1.0,1.0,0.0,1.0,0.0
0.03846153846153849,0.0,0.18077378891692647,0.7169606281327038,0.10920462236792208,0.3704515410965328,0.0,0.0,0.0,0.0,0.0
0.0,0.0,0.934085388467257,0.4947878011911207,0.4831475868821214,0.2664329316340456,1.0,0.0,0.0,1.0,0.0
0.9038461538461539,1.0,0.098229706947777,0.6726273701007189,0.009063250467198875,0.14195715796405164,1.0,0.0,1.0,0.0,0.0
0.34615384615384615,1.0,0.36519606694991547,0.1127661368427213,0.9411984665559134,0.6147093877241653,0.5,0.0,0.0,0.0,1.0
0.7500000000000001,1.0,0.20529799520627345,0.5238049475663801,0.9230728781295486,0.5070750653682783,1.0,0.0,0.0,0.0,0.0
0.40384615384615385,0.0,0.6889187984813169,0.20591424589025953,0.7603798426012277,0.3055849681140219,0.25,1.0,0.0,1.0,0.0
0.8653846153846155,1.0,0.9797214211837514,0.3595139172870254,0.9174362120369066,0.6125270789141715,0.5,0.0,0.0,1.0,0.0
0.8846153846153847,0.6000000000000001,0.9114778737687287,0.5705415874559842,0.10056157289705697,0.9589659284591536,1.0,0.0,1.0,1.0,0.0
0.6346153846153847,0.4,0.014224687854657553,0.8757872190676087,0.24172107277235574,0.6643545761981395,0.75,1.0,0.0,0.0,0.0
0.5384615384615385,0.2,0.9495479038029929,0.520204217002147,0.3678112095983652,0.5743484136493029,0.0,0.0,0.0,1.0,0.0
0.730769230769231,1.0,0.7389566097858967,0.25250218729257584,0.5375659909608449,0.6890251744466074,1.0,0.0,0.0,0.0,0.0
0.730769230769231,1.0,0.9735704717479999,0.4670547051917372,0.4982371328459459,0.7604959931556494,1.0,0.0,0.0,0.0,1.0
0.13461538461538464,1.0,0.7151049493823026,0.09362197626879411,0.46441366761122227,0.8009119464270857,0.75,0.0,1.0,0.0,0.0
0.11538461538461542,1.0,0.7658127203853159,0.2157948315956719,0.4982371328459459,0.6505597051888186,0.5,0.0,0.0,0.0,0.0
0.7884615384615384,0.6000000000000001,0.9988643648153271,0.09545618751810174,0.4982371328459459,0.5739720504945186,0.25,1.0,0.0,1.0,0.0
0.13461538461538464,0.0,0.3023787442109473,0.18840694079633158,0.4982371328459459,0.5070750653682783,0.75,0.0,1.0,0.0,0.0
0.49035111230233186,0.2,0.5338085755155797,0.7248761272599679,0.913716830990169,0.5070750653682783,1.0,0.0,1.0,0.0,1.0
0.5961538461538463,0.2,0.15098247962005445,0.8412334502398485,0.9577338808766724,0.5070750653682783,0.25,0.0,0.0,0.0,0.0
0.3653846153846154,0.6000000000000001,0.7116965233506101,0.7835467937122752,0.4982371328459459,0.6609382953777381,0.49753289473684204,0.0,0.0,0.0,1.0
0.49035111230233186,1.0,0.8209195965434187,0.5222443955103887,0.3401072679814514,0.20781403462503784,0.25,0.0,0.0,0.0,1.0
0.6346153846153847,0.0,0.6893564354602227,0.2882623009902199,0.08081231214537564,0.01669920442263807,0.5,0.0,0.0,1.0,0.0
0.21153846153846156,0.8,0.4536908054111437,0.0677702485344746,0.29793553727853733,0.530647597488952,0.0,1.0,0.0,0.0,0.0
0.6923076923076924,0.4,0.4412359643286269,0.4947878011911207,0.4982371328459459,0.8403774128817451,1.0,0.0,1.0,0.0,0.0
0.49035111230233186,1.0,0.3447431324046713,0.3599597269358385,0.4982371328459459,0.9789106462055093,0.75,1.0,0.0,0.0,1.0
0.49035111230233186,1.0,0.322368024015363,0.7319733208720908,0.5189365450096306,0.5174871535076188,0.75,0.0,1.0,1.0,0.0
0.980769230769231,0.8,0.015317065266134966,0.31599858384796137,0.7719025258937053,0.14967224338795132,0.75,0.0,0.0,0.0,0.0
0.48076923076923084,1.0,0.9835434674370412,0.4947878011911207,0.4982371328459459,0.18886884953490654,1.0,1.0,0.0,1.0,0.0
0.5000000000000001,0.0,0.0814901875032667,0.627284771250976,0.4982371328459459,0.5070750653682783,1.0,0.0,1.0,1.0,0.0
0.3846153846153847,0.8,0.495973219211592,0.528079775833557,0.06582994592894843,0.05316095903867707,1.0,0.0,1.0,1.0,0.0
0.6153846153846154,1.0,0.30653348706867195,0.9263777378730585,0.3412017924684881,0.636774756150108,0.0,0.0,0.0,1.0,0.0
0.7884615384615384,0.8,0.2452783455107238,0.7078137302671894,0.7744369151376753,0.33824114063479555,0.75,0.0,0.0,1.0,0.0
0.4423076923076924,0.2,0.6418785349546643,0.7536033529221857,0.08928970838585878,0.45920520285715094,0.25,0.0,1.0,1.0,0.0
0.7115384615384616,1.0,0.13874284405458398,0.37106466292854673,0.6352099981683654,0.5070750653682783,1.0,0.0,0.0,0.0,0.0
0.5192307692307693,0.2,0.4887590267314479,0.7383013230353852,0.30162390352287705,0.5070750653682783,0.49753289473684204,0.0,0.0,0.0,1.0
0.1923076923076924,0.8,0.023044528620290133,0.17266340852798862,0.28631366279842013,0.5070750653682783,0.25,1.0,0.0,1.0,0.0
0.8846153846153847,0.2,0.02559411467867409,0.4844653165865031,0.4982371328459459,0.13773105823921325,1.0,0.0,0.0,1.0,0.0
0.49035111230233186,0.6000000000000001,0.11816961268101978,0.11178518002725288,0.03901636339823853,0.6976980031630446,0.49753289473684204,0.0,1.0,0.0,0.0
0.8653846153846155,0.4,0.0,0.4947878011911207,0.3765870186565734,0.5070750653682783,0.75,0.0,0.0,0.0,1.0
0.9038461538461539,0.0,0.38990861064953586,0.2730474380663222,0.5685941481255719,0.6366962076253841,0.5,1.0,0.0,0.0,0.0
0.9615384615384616,0.4,0.21806701069678008,0.5536967243299974,0.4580195176900823,0.2596051054005679,0.49753289473684204,0.0,0.0,1.0,0.0
0.7692307692307693,0.8,0.2615370814725658,0.16022560887968462,0.1273880614147637,0.7930256377913673,0.0,0.0,0.0,0.0,1.0
0.49035111230233186,0.2,0.39065874218643337,0.7898247162289268,0.4982371328459459,0.7656552335583312,0.75,0.0,0.0,0.0,1.0
0.07692307692307698,0.2,0.19459478236955985,0.4947878011911207,0.4901148578352702,0.1444821945016013,0.25,0.0,1.0,0.0,1.0
0.49035111230233186,0.0,0.326643467081191,0.7205969282028367,0.3026456963088823,0.9763236101601074,0.25,0.0,1.0,0.0,1.0
0.826923076923077,0.2,0.23660267460815704,0.4680905228173038,0.04868348020155945,0.07584593443535112,0.75,0.0,1.0,0.0,1.0
0.2692307692307693,1.0,0.0953363296961574,0.13539823852735536,0.887646054517268,0.5070750653682783,1.0,0.0,1.0,0.0,0.0
0.0,0.2,0.6495100076671784,0.8193890021118008,0.8020477067506259,0.4149541685376947,1.0,0.0,0.0,0.0,0.0
0.34615384615384615,0.0,0.25709871003457374,0.21779278388723566,0.15626138637505205,0.5070750653682783,1.0,1.0,0.0,1.0,0.0
0.13461538461538464,0.4,0.8935046196477788,0.5807449515366728,0.23952569323311682,0.9579323950935958,0.25,1.0,0.0,1.0,0.0
0.23076923076923084,0.0,0.28802924408095953,0.8365807484283302,0.34590796980685934,0.7125260276955286,0.75,1.0,0.0,0.0,1.0
0.9423076923076924,1.0,0.879854669271476,0.9798778722575575,0.6720660276229493,0.5069335281824019,0.25,0.0,1.0,1.0,0.0
0.7884615384615384,0.4,0.04211005711784163,0.4840821107124324,0.44451096727900113,0.5070750653682783,0.0,0.0,0.0,1.0,0.0
0.5961538461538463,1.0,0.0028668224911882756,0.13782122472551647,0.5731406015171823,0.2943312854370925,0.5,1.0,0.0,0.0,1.0
0.6923076923076924,0.0,0.850239518329592,0.9511790670985533,0.4982371328459459,0.896255880377104,0.75,0.0,0.0,0.0,1.0
0.0961538461538462,0.2,0.49211032908398544,0.30797738451607337,0.05890146944653985,0.6138191847574003,0.75,0.0,0.0,0.0,1.0
0.13461538461538464,0.2,0.39186910642806005,0.4947878011911207,0.13994897725292227,0.9171046230250816,0.5,0.0,1.0,1.0,0.0
0.8461538461538461,1.0,0.23198140043184118,0.6101930026512306,0.4982371328459459,0.2854001253049035,0.75,1.0,0.0,1.0,0.0
0.980769230769231,0.6000000000000001,0.6204274460175058,0.31114510234531967,0.41795331531943236,0.5314089914297647,0.75,1.0,0.0,0.0,0.0
0.17307692307692313,0.6000000000000001,0.907598752788851,0.6031283200910572,0.7929352076461862,0.731445589480835,0.0,0.0,1.0,1.0,0.0
0.15384615384615385,0.6000000000000001,0.7624743406309676,0.5324836028078597,0.0027683667509359796,0.5292577890357105,0.25,1.0,0.0,1.0,0.0
0.8846153846153847,0.4,0.49211032908398544,0.27681896373414744,0.3707493938309643,0.6396193941704976,0.0,0.0,0.0,0.0,1.0
0.49035111230233186,1.0,0.3982161606467788,0.4947878011911207,0.43007025818288114,0.06706236970840042,0.49753289473684204,1.0,0.0,1.0,0.0
0.49035111230233186,0.6000000000000001,0.7577234302666817,0.4947878011911207,0.6357634025078959,0.24546729858884112,0.0,1.0,0.0,0.0,0.0
0.3653846153846154,0.4,0.26020440027532526,0.7490033656659253,0.4982371328459459,0.5070750653682783,0.0,0.0,1.0,1.0,0.0
0.21153846153846156,1.0,0.26850607301098234,0.9067233836486437,0.4982371328459459,0.6829385523094268,0.5,0.0,1.0,1.0,0.0
0.6346153846153847,1.0,0.6787186154376449,0.39743432271670676,0.6566488439114018,0.009855650285607444,1.0,0.0,1.0,1.0,0.0
0.326923076923077,0.2,0.6942285734700534,0.7973346364963568,0.4089698273505638,0.8060070906449693,0.5,0.0,1.0,1.0,0.0
0.42307692307692313,0.0,0.30052196944755005,0.05436352249033516,0.4982371328459459,0.4309456877689982,0.25,0.0,1.0,1.0,0.0
0.8076923076923078,0.8,0.46307879649358386,0.07865120094344613,0.4982371328459459,0.42350213586149354,0.25,1.0,0.0,1.0,0.0
0.0,1.0,0.7621061865688997,0.590120714929218,0.8853579028081658,0.5070750653682783,0.75,0.0,1.0,1.0,0.0
0.6730769230769232,0.0,0.43645971178573006,0.9370254069608892,0.5620008104312582,0.17821205378485205,0.5,0.0,1.0,0.0,1.0
0.17307692307692313,0.0,0.8151717192189256,0.23965561355924012,0.7954251224995919,0.5070750653682783,0.49753289473684204,1.0,0.0,1.0,0.0
0.49035111230233186,0.0,0.7150137102187739,0.5059924391421212,0.8770508138640897,0.8578599260507624,0.75,0.0,0.0,1.0,0.0
0.49035111230233186,0.2,0.7139189034090547,0.1503944886566858,0.8374937173159676,0.89331252042529,0.0,0.0,0.0,0.0,0.0
0.46153846153846156,0.4,0.6480096205668379,0.3683082478980848,0.6411675113515124,0.6637506407544596,0.25,0.0,0.0,1.0,0.0
0.326923076923077,0.4,0.998375887452524,0.4230099998201211,0.020487663199140443,0.604369356542093,0.75,0.0,0.0,0.0,1.0
1.0,0.8,0.14045809938057857,0.7246882474395814,0.2890359065889191,0.775068559971902,1.0,0.0,1.0,1.0,0.0
0.7692307692307693,0.2,0.49211032908398544,0.1046360661319444,0.9524028038828395,0.6181303371030181,0.5,0.0,0.0,1.0,0.0
0.980769230769231,1.0,0.7669604943741283,0.6330921423723777,0.4982371328459459,0.6518194408722306,0.5,0.0,0.0,1.0,0.0
0.07692307692307698,0.6000000000000001,0.21332488331169003,0.7616832021612409,0.4982371328459459,0.5070750653682783,0.0,0.0,0.0,0.0,0.0
0.6346153846153847,0.4,0.6019279005684512,0.6223827266260089,0.08806266621861086,0.20211815971435795,0.5,1.0,0.0,0.0,0.0
0.49035111230233186,1.0,0.6693920638034075,0.39953867365661627,0.4982371328459459,0.2976042719612813,0.49753289473684204,0.0,1.0,0.0,0.0
0.03846153846153849,0.0,0.49211032908398544,0.4293701918103256,0.6871680965984281,0.6014461352668896,1.0,0.0,0.0,0.0,0.0
0.7692307692307693,0.2,0.7938143333555444,0.1313856788582403,0.22517034092316268,0.07477699886255496,0.25,1.0,0.0,0.0,1.0
0.019230769230769273,0.8,0.8398486710301083,0.4947878011911207,0.6196472597126403,0.5070750653682783,0.5,0.0,1.0,0.0,0.0
0.28846153846153855,0.8,0.6408368043745885,0.09870181975296538,0.4982371328459459,0.5070750653682783,0.75,0.0,0.0,1.0,0.0
0.8461538461538461,1.0,0.6258853647914513,0.4947878011911207,0.5280272472056226,0.6979942493017253,0.25,0.0,0.0,1.0,0.0
0.1923076923076924,0.2,0.4513683446930209,0.48147320123251597,0.07440864252672179,0.5305424779395261,0.5,0.0,0.0,0.0,0.0
0.8461538461538461,0.0,0.38421494094591435,0.4947878011911207,0.2606740640145298,0.5095419190721232,0.0,0.0,0.0,0.0,0.0
0.5000000000000001,0.8,0.3585299846290534,0.48765534853710596,0.3978017482048697,0.5070750653682783,0.75,1.0,0.0,0.0,0.0
0.48076923076923084,0.2,0.7735138195326828,0.44455381391112553,0.18457404778341668,0.938501128027455,0.5,0.0,0.0,0.0,1.0
0.21153846153846156,0.8,0.3964566547342908,0.9727273159360288,0.6249080250579188,0.6885199132917177,0.0,0.0,1.0,0.0,0.0
0.4423076923076924,1.0,0.666676584105415,0.2766665138054755,0.01393640730661407,0.2012701010871461,0.49753289473684204,0.0,1.0,0.0,1.0
0.4423076923076924,0.6000000000000001,0.051329500458220156,0.7250466933297727,0.15512738316052846,0.09982668349708704,0.25,0.0,0.0,0.0,1.0
0.5384615384615385,0.2,0.9636145394346821,0.2837497998123438,0.4982371328459459,0.6535655155175791,0.49753289473684204,0.0,0.0,0.0,1.0
0.40384615384615385,0.8,0.6562999702101625,0.4293827825591945,0.1401929573112133,0.7219087286461983,0.75,0.0,0.0,0.0,1.0
0.9230769230769232,0.6000000000000001,0.943147915161976,0.4947878011911207,0.4009028342409564,0.9979885022111135,0.25,1.0,0.0,0.0,0.0
0.730769230769231,0.0,0.01675872502491521,0.4947878011911207,0.11706655216416655,0.3929565680579179,0.0,0.0,0.0,0.0,0.0
0.6923076923076924,0.4,0.690873622794214,0.9619889688806923,0.607697133217191,0.7475424947436592,0.25,1.0,0.0,1.0,0.0
0.49035111230233186,0.8,0.49211032908398544,0.17642880462011146,0.29843281190724746,0.5070750653682783,0.75,0.0,0.0,0.0,0.0
0.8653846153846155,0.6000000000000001,0.9337502011398716,0.057085857484723945,0.0765495671038775,0.041865083784029415,0.0,1.0,0.0,0.0,1.0
0.6923076923076924,0.4,0.2005855572348335,0.42598393604510476,0.11387915992924107,0.15367324639616867,0.0,0.0,1.0,0.0,1.0
0.48076923076923084,0.0,0.9524688997755343,0.16733908125373767,0.5808794659670776,0.33469228764531106,0.49753289473684204,1.0,0.0,1.0,0.0
0.7692307692307693,0.0,0.956589877812618,0.42680917127324436,0.19334265841870324,0.03901837858454394,0.49753289473684204,1.0,0.0,1.0,0.0
0.17307692307692313,0.2,0.8609646025169798,0.36690634480265544,0.3305111437712557,0.8954861245322795,0.75,0.0,0.0,1.0,0.0
0.7500000000000001,0.6000000000000001,0.935945400061372,0.5568352068856798,0.7841989980985544,0.5070750653682783,0.75,0.0,0.0,0.0,1.0
0.49035111230233186,0.0,0.3625557032057024,0.5321641538867165,0.8649914032056316,0.36754369837037865,0.75,0.0,1.0,0.0,1.0
0.49035111230233186,0.8,0.16016433313958794,0.24231814883745686,0.5664872739174818,0.035605748626330334,0.49753289473684204,0.0,0.0,0.0,0.0
0.3653846153846154,1.0,0.7187958751121343,0.9994556804684364,0.4982371328459459,0.5070750653682783,0.0,0.0,1.0,1.0,0.0
0.5576923076923077,0.4,0.4098254925200815,0.2608959932353837,0.8286139210025831,0.4509581460118802,0.25,0.0,0.0,0.0,1.0
0.4423076923076924,0.6000000000000001,0.5914376428896282,0.08714858628392996,0.6576083575798886,0.27151938815225585,0.75,0.0,0.0,1.0,0.0
1.0,0.6000000000000001,0.8621090755028623,0.8085362448998136,0.6782151468577665,0.5163137183738569,0.75,0.0,1.0,0.0,0.0
0.49035111230233186,0.0,0.49211032908398544,0.8605338459185565,0.43114256376714943,0.5070750653682783,0.25,0.0,1.0,1.0,0.0
0.05769230769230771,1.0,0.40087146669492113,0.7906569021371294,0.7979243923150666,0.8583947744913104,0.0,0.0,0.0,0.0,1.0
0.8076923076923078,0.2,0.33251578971954193,0.13609321875889413,0.4982371328459459,0.5061618410817001,0.75,0.0,1.0,0.0,1.0
0.3653846153846154,0.8,0.8012232692951419,0.7884623802401695,0.4982371328459459,0.5921269343397856,0.25,0.0,1.0,1.0,0.0
0.49035111230233186,1.0,0.49211032908398544,0.11382127611757548,0.4982371328459459,0.755461227962329,1.0,0.0,1.0,1.0,0.0
0.49035111230233186,1.0,0.15422988498348256,0.6876999931461749,0.3908885174820737,0.3195955767246261,0.75,1.0,0.0,1.0,0.0
0.13461538461538464,0.2,0.570683678488249,0.47389175171629433,0.666045973248773,0.9530422310865899,0.0,0.0,0.0,1.0,0.0
0.05769230769230771,1.0,0.19568288842630172,0.08837315765162188,0.7360529264249577,0.5070750653682783,1.0,0.0,0.0,1.0,0.0
0.3653846153846154,0.4,0.5626456158185045,0.4947878011911207,0.4982371328459459,0.7452537893903873,0.0,0.0,1.0,1.0,0.0
0.5192307692307693,1.0,0.05832739694577754,0.054273456674890475,0.4982371328459459,0.20125633989798575,0.0,0.0,1.0,1.0,0.0
0.8461538461538461,0.2,0.33193427251350305,0.23558763550556502,0.06460008075888801,0.37086170527161505,0.5,0.0,1.0,0.0,0.0
0.17307692307692313,0.4,0.16712570444426444,0.1810032663324134,0.4982371328459459,0.5472858029413077,0.75,0.0,0.0,0.0,0.0
0.1923076923076924,0.2,0.49211032908398544,0.7788043261735418,0.4982371328459459,0.5426048264323928,1.0,1.0,0.0,1.0,0.0
0.5576923076923077,1.0,0.9286441904587689,0.3688820280160695,0.4982371328459459,0.5793762548790664,0.49753289473684204,0.0,1.0,0.0,1.0
0.49035111230233186,0.8,0.11979110468509302,0.6379429924683695,0.49658512249787096,0.025536003689925934,0.75,1.0,0.0,0.0,1.0
0.49035111230233186,1.0,0.6880125051222291,0.9058279383611199,0.4748432214453178,0.5070750653682783,0.25,0.0,0.0,1.0,0.0
0.9230769230769232,1.0,0.06941753990857033,0.0203493862160203,0.6260542352846926,0.5070750653682783,0.49753289473684204,0.0,0.0,0.0,1.0
0.5384615384615385,0.6000000000000001,0.8454362606127604,0.971807423837491,0.4982371328459459,0.5070750653682783,1.0,0.0,0.0,0.0,1.0
0.34615384615384615,0.2,0.33358315896667173,0.4478993099164596,0.06950628027347532,0.07407040231139009,0.25,0.0,1.0,1.0,0.0
0.17307692307692313,1.0,0.4926297695069203,0.915764420893288,0.5957847714292432,0.10312335307391057,0.5,0.0,0.0,0.0,0.0
0.3653846153846154,1.0,0.48347535680080667,0.4947878011911207,0.739429398311982,0.6907664007083261,0.5,0.0,1.0,1.0,0.0
0.25,1.0,0.3404870980336573,0.9696962354823041,0.4982371328459459,0.5070750653682783,0.0,0.0,0.0,1.0,0.0
0.8653846153846155,0.0,0.7421996379518786,0.4947878011911207,0.4982371328459459,0.8292094731145833,0.25,0.0,1.0,0.0,0.0
0.6730769230769232,0.0,0.21351345247885484,0.9688150458421196,0.4982371328459459,0.543354426941279,0.5,0.0,1.0,0.0,0.0
0.3653846153846154,0.6000000000000001,0.5690519820768157,0.4221395494951328,0.6765792919089996,0.7417006175455049,0.0,0.0,0.0,1.0,0.0
0.980769230769231,0.6000000000000001,0.01609773271565576,0.0387139663601128,0.34669559755053875,0.23684267449896027,0.5,1.0,0.0,0.0,0.0
0.980769230769231,0.6000000000000001,0.270575259143366,0.7926707872907608,0.017464370301436626,0.5070750653682783,0.5,0.0,0.0,0.0,1.0
0.3653846153846154,1.0,0.04415000985320844,0.4947878011911207,0.0912163348750742,0.279627381187337,0.49753289473684204,1.0,0.0,0.0,1.0
0.49035111230233186,1.0,0.31623165962857747,0.5051915666933193,0.9033960966970422,0.7363442217653188,0.75,0.0,0.0,0.0,1.0
0.7692307692307693,0.8,0.3160797237341984,0.477183304253361,0.5176207575753279,0.809957306580501,0.25,0.0,1.0,1.0,0.0
0.23076923076923084,1.0,0.49211032908398544,0.16441951141548033,0.13770380172846666,0.7487770386423819,0.25,0.0,1.0,0.0,1.0
0.6346153846153847,1.0,0.510989922269245,0.4947878011911207,0.8435223766640512,0.07451681150652532,0.75,1.0,0.0,0.0,1.0
0.49035111230233186,0.2,0.5730360874905207,0.9897088749103559,0.4982371328459459,0.8448151877789803,1.0,1.0,0.0,0.0,1.0
0.49035111230233186,0.0,0.7064182486746291,0.1155584626107409,0.8344743637742758,0.5070750653682783,0.5,0.0,0.0,1.0,0.0
0.42307692307692313,0.2,0.8184411301588291,0.4947878011911207,0.40579192213517407,0.07061499160497224,0.25,1.0,0.0,0.0,1.0
0.49035111230233186,0.6000000000000001,0.6593621231489845,0.26030126713789636,0.4982371328459459,0.5622116585819089,0.0,0.0,0.0,1.0,0.0
0.576923076923077,0.4,0.9766904649606901,0.0019646816656006677,0.4982371328459459,0.6259899052145069,0.75,0.0,0.0,1.0,0.0
0.8846153846153847,0.8,0.854223453398616,0.7244725158138935,0.7520860330806558,0.8257403540398061,0.25,0.0,0.0,0.0,1.0
0.48076923076923084,0.4,0.49211032908398544,0.8911473946160438,0.19555515893389303,0.5625491620265503,0.0,0.0,0.0,0.0,0.0
0.3076923076923077,1.0,0.5725147227570008,0.3831320094558391,0.4982371328459459,0.5070750653682783,0.49753289473684204,1.0,0.0,0.0,1.0
0.42307692307692313,0.0,0.018179250714137785,0.4947878011911207,0.8814349667555357,0.5070750653682783,0.5,1.0,0.0,0.0,0.0
0.03846153846153849,0.2,0.627694106208004,0.3539173873861307,0.4293270888632342,0.4526246618916207,0.75,0.0,0.0,1.0,0.0
0.3076923076923077,0.2,0.2666059887899958,0.2840011622465733,0.08399132139263077,0.9609917969250105,1.0,1.0,0.0,0.0,0.0
0.46153846153846156,0.6000000000000001,0.08035478541178298,0.4947878011911207,0.26023290343520095,0.489427442619884,0.75,1.0,0.0,0.0,1.0
0.11538461538461542,0.6000000000000001,0.4438021899998488,0.8055801502053405,0.2904382552240832,0.10461373612944684,0.5,0.0,1.0,1.0,0.0
0.46153846153846156,1.0,0.8043635590213435,0.4712232050592573,0.6927769069343299,0.4509748817202666,0.25,1.0,0.0,1.0,0.0
0.3846153846153847,0.6000000000000001,0.024837703590582072,0.3438875222769298,0.7946713502459609,0.9111798551419978,0.0,0.0,0.0,0.0,1.0
0.2692307692307693,0.0,0.3651778326407813,0.8723294245288128,0.47777276742362884,0.3357237501332029,0.49753289473684204,1.0,0.0,1.0,0.0
0.48076923076923084,0.8,0.10334333619847358,0.231763246310513,0.4982371328459459,0.5783387553961512,0.49753289473684204,0.0,0.0,1.0,0.0
0.7500000000000001,1.0,0.6796455974747564,0.4889253786106413,0.649056141924013,0.31002945499582296,1.0,1.0,0.0,1.0,0.0
0.11538461538461542,0.4,0.3718812878504282,0.5404187449208502,0.4982371328459459,0.22839314942081712,0.5,0.0,0.0,1.0,0.0
0.8653846153846155,0.8,0.34693957514875506,0.5392006968238925,0.45580825414810805,0.012308423932609683,0.5,0.0,1.0,1.0,0.0
0.42307692307692313,0.6000000000000001,0.25420510709762023,0.4769199389443958,0.6044644667119081,0.290990974130245,0.0,0.0,1.0,0.0,0.0
0.326923076923077,1.0,0.5698960196540332,0.4947878011911207,0.1811638986606666,0.5589786638089383,0.25,0.0,0.0,1.0,0.0
0.03846153846153849,0.0,0.19974554350761337,0.5456879121850405,0.4982371328459459,0.4141491231506207,0.0,0.0,0.0,0.0,1.0
0.5384615384615385,1.0,0.38941409664547477,0.5723350111950094,0.31867672790558027,0.27715062340508095,0.0,0.0,1.0,0.0,0.0
0.13461538461538464,1.0,0.1903100613952718,0.18105355071602422,0.057921332402830934,0.5077030785693869,0.0,0.0,0.0,1.0,0.0
0.6730769230769232,0.2,0.4967697704978641,0.21250070718492695,0.18054660397786093,0.07274172017059642,0.49753289473684204,0.0,0.0,0.0,1.0
0.5576923076923077,0.0,0.22308147104207204,0.6096661372635384,0.18029262993522951,0.33029664216061266,0.25,0.0,0.0,0.0,0.0
0.5576923076923077,1.0,0.37840000423729614,0.5160370228993729,0.8741735741535716,0.5695181615123274,0.0,0.0,0.0,1.0,0.0
0.46153846153846156,0.8,0.10538901953067231,0.5653836729787972,0.6701347503854764,0.8996009338311951,0.75,0.0,0.0,1.0,0.0
0.5000000000000001,0.8,0.5424873945302676,0.5280926199166392,0.4028319735341456,0.4275963412944446,1.0,0.0,1.0,0.0,1.0
0.49035111230233186,1.0,0.08570731584848498,0.9833048347227497,0.9744623247203885,0.5086685765022347,0.5,0.0,1.0,0.0,0.0
0.019230769230769273,1.0,0.030183516258894455,0.7368447484633672,0.7751718900281234,0.5962421063841802,0.75,0.0,0.0,0.0,0.0
0.5192307692307693,0.4,0.1256586971244809,0.060869008845240574,0.7348022754170256,0.8701745196817248,0.49753289473684204,0.0,0.0,0.0,0.0
0.13461538461538464,1.0,0.13209635363940198,0.4947878011911207,0.1370355909529135,0.5167052825327274,1.0,0.0,1.0,0.0,0.0
0.49035111230233186,0.2,0.7779651871213452,0.12190051920906925,0.4549388144768253,0.6978924160309451,0.25,0.0,1.0,0.0,0.0
0.5384615384615385,0.0,0.4517474198041168,0.7355555911774977,0.247993921893102,0.2426576710162569,1.0,0.0,1.0,1.0,0.0
0.8846153846153847,0.4,0.38174653638106015,0.8321636130255006,0.12108072416009188,0.3491676800343234,0.49753289473684204,1.0,0.0,0.0,1.0
0.0961538461538462,1.0,0.12988721585624657,0.2558365440631898,0.4982371328459459,0.6650016835810021,0.0,1.0,0.0,0.0,1.0
0.03846153846153849,0.0,0.727490197314705,0.4947878011911207,0.20804816943765833,0.13822501531616127,0.25,0.0,0.0,1.0,0.0
0.13461538461538464,1.0,0.20782684808476382,0.2436016104992678,0.3710584880261608,0.9176751669623922,0.75,1.0,0.0,0.0,0.0
0.49035111230233186,0.4,0.9436329734234715,0.1001074731179301,0.637384229670522,0.4211195113068331,0.25,0.0,0.0,1.0,0.0
0.49035111230233186,0.2,0.7792633412521378,0.23676305412884688,0.4982371328459459,0.6837483212765963,0.49753289473684204,0.0,1.0,0.0,1.0
0.8846153846153847,0.6000000000000001,0.49211032908398544,0.4947878011911207,0.827112714933224,0.06321688336676023,0.0,0.0,0.0,1.0,0.0
0.8461538461538461,0.6000000000000001,0.9780615653624593,0.7767594180815707,0.11218956492190946,0.30879462832673715,0.0,0.0,0.0,1.0,0.0
0.07692307692307698,0.6000000000000001,0.9918081973310485,0.4544580447097876,0.07384257678913016,0.48523986184473533,1.0,0.0,0.0,1.0,0.0
0.2692307692307693,0.4,0.07672103664064911,0.9258979219812242,0.515525466115666,0.5773387100614631,1.0,0.0,1.0,1.0,0.0
0.23076923076923084,0.2,0.7769761846312895,0.6713181316365598,0.9327055819584783,0.5070750653682783,0.25,1.0,0.0,0.0,1.0
0.21153846153846156,0.2,0.7172609553207533,0.8528008549816749,0.2562945585428919,0.5491299115874677,0.49753289473684204,0.0,1.0,0.0,0.0
0.05769230769230771,1.0,0.3011399263267371,0.3581997385102151,0.4982371328459459,0.23349990801247406,1.0,0.0,0.0,1.0,0.0
0.9615384615384616,0.2,0.6265809539091336,0.5187734465432803,0.5161683314733148,0.42250111762064485,0.0,0.0,0.0,1.0,0.0
0.8653846153846155,0.2,0.8714446344520616,0.10059059382232416,0.4982371328459459,0.41619763113494307,0.5,0.0,1.0,0.0,1.0
0.8653846153846155,0.4,0.8985264214599643,0.9447243612710826,0.5397418861869031,0.5070750653682783,0.0,0.0,1.0,1.0,0.0
0.46153846153846156,0.8,0.22371477013824426,0.5197427885723501,0.2749676592379342,0.5223873597932549,0.25,1.0,0.0,1.0,0.0
0.9230769230769232,1.0,0.6723824156737075,0.2999019520525632,0.31073025037254226,0.8694914732710458,0.5,0.0,0.0,0.0,0.0
0.980769230769231,0.6000000000000001,0.4573349173539655,0.41308428469770553,0.4982371328459459,0.2310883297374365,0.25,0.0,0.0,1.0,0.0
0.0961538461538462,0.0,0.341176842318347,0.40919965029326266,0.024411774969205068,0.9304302471723075,0.5,0.0,0.0,0.0,1.0
0.0961538461538462,1.0,0.21522724440834712,0.6507870398861313,0.9439029905233706,0.15171198682216477,0.0,1.0,0.0,1.0,0.0
0.25,0.2,0.9252513638794001,0.4947878011911207,0.4982371328459459,0.4465909246694761,0.0,0.0,0.0,0.0,1.0
0.8076923076923078,0.6000000000000001,0.1226274592773447,0.4947878011911207,0.6371916141390047,0.2918971950983481,1.0,0.0,0.0,1.0,0.0
0.4423076923076924,1.0,0.40302193276274445,0.3607858329880918,0.4982371328459459,0.4714084877987685,0.75,0.0,0.0,1.0,0.0
0.49035111230233186,0.8,0.6281535553371053,0.6651621768445376,0.10640455588828773,0.6078654473591326,1.0,0.0,0.0,1.0,0.0
0.2692307692307693,0.2,0.3661361896060924,0.7937118820001557,0.972437304014649,0.06877571731599802,0.0,1.0,0.0,1.0,0.0
0.730769230769231,1.0,0.18118423134181405,0.7789014121381108,0.0926221514677712,0.642704813316823,1.0,0.0,1.0,1.0,0.0
0.4423076923076924,0.6000000000000001,0.2194793062187183,0.7431303487368072,0.25533439370248456,0.07463398407258072,0.5,0.0,0.0,1.0,0.0
0.9038461538461539,0.0,0.5931880820507578,0.16144787118369736,0.791219372921073,0.6359149124375835,0.25,1.0,0.0,1.0,0.0
0.1923076923076924,0.2,0.49211032908398544,0.4947878011911207,0.27543997109706586,0.11638755297591882,0.25,0.0,1.0,0.0,1.0
0.23076923076923084,0.2,0.4143138917086512,0.9923687761581729,0.32665745950500924,0.27776740212981715,1.0,1.0,0.0,0.0,0.0
0.49035111230233186,0.6000000000000001,0.9804570226818928,0.6164087196516619,0.3374614964665295,0.8652349326043552,0.25,0.0,0.0,1.0,0.0
0.15384615384615385,0.0,0.8695465886924486,0.7465910992168246,0.20952487214663867,0.3291244421168066,0.25,1.0,0.0,1.0,0.0
0.576923076923077,0.6000000000000001,0.3757496745893867,0.44774335875323373,0.8231467511296909,0.17357432994300578,0.25,0.0,1.0,0.0,0.0
0.48076923076923084,1.0,0.36699157371817837,0.4531361810075589,0.41395076699189587,0.781265065193049,1.0,0.0,0.0,0.0,0.0
0.019230769230769273,0.0,0.5835338367381273,0.535520730176236,0.5502688044365178,0.04936401773727633,0.0,1.0,0.0,0.0,0.0
0.17307692307692313,0.2,0.13913793780777595,0.793083126846485,0.3453236045094721,0.8003141153723663,1.0,0.0,1.0,0.0,0.0
0.46153846153846156,0.2,0.05769188892512095,0.18801254386472604,0.7164569221503315,0.9857057100374248,0.5,1.0,0.0,1.0,0.0
0.826923076923077,0.0,0.09548719565993058,0.5646999911436704,0.3996246869834784,0.2063225427119835,1.0,1.0,0.0,1.0,0.0
0.0,0.2,0.49211032908398544,0.5749627896085552,0.3682396279268901,0.5462792851402635,0.75,0.0,1.0,1.0,0.0
0.6346153846153847,1.0,0.8639034071874453,0.4947878011911207,0.3503006088880357,0.29169309803683113,0.75,0.0,0.0,1.0,0.0
0.9230769230769232,1.0,0.5905523057647061,0.5183967000568437,0.8672776981113509,0.0,1.0,1.0,0.0,0.0,0.0
0.6346153846153847,0.4,0.42927842331569355,0.13063923610071743,0.6700145584696033,0.16715037237864905,0.0,0.0,0.0,0.0,0.0
0.1923076923076924,0.0,0.32449207464980023,0.7841454527198435,0.7890308910219848,0.8228740459732772,0.0,1.0,0.0,1.0,0.0
0.07692307692307698,1.0,0.016067079941697204,0.08969307536442839,0.4322358153154474,0.6551325318159785,0.49753289473684204,0.0,0.0,0.0,0.0
0.49035111230233186,0.4,0.32946311796409783,0.7865939876809186,0.8816971824883193,0.5070750653682783,0.25,0.0,1.0,0.0,0.0
0.9038461538461539,0.8,0.9595151446210245,0.5324666474003568,0.49093451771754265,0.5070750653682783,0.5,0.0,0.0,1.0,0.0
0.28846153846153855,1.0,0.49211032908398544,0.14134963476227194,0.9004768153570119,0.20352639922317067,0.0,0.0,0.0,1.0,0.0
0.49035111230233186,0.6000000000000001,0.9744856047791394,0.586381624122155,0.9011405557839437,0.6198869354207421,0.5,1.0,0.0,1.0,0.0
0.980769230769231,1.0,0.28685961769549245,0.6772321144152708,0.4982371328459459,0.5070750653682783,0.25,0.0,0.0,1.0,0.0
0.7115384615384616,0.0,0.9311714448729843,0.09525633335452173,0.9264349266882671,0.5070750653682783,0.0,0.0,0.0,1.0,0.0
0.3653846153846154,0.6000000000000001,0.6376459561689859,0.9149407273871417,0.19667887532044578,0.5883215611243987,0.5,0.0,0.0,1.0,0.0
0.0961538461538462,0.8,0.8503715432532114,0.904754838055246,0.4982371328459459,0.9913103530816566,0.0,0.0,0.0,0.0,1.0
0.49035111230233186,1.0,0.252685064075589,0.16294390195045202,0.2720877979496384,0.8391727892001036,0.75,0.0,0.0,0.0,1.0
0.576923076923077,0.0,0.49211032908398544,0.678991589108798,0.046393716492169966,0.5866976674611718,0.75,0.0,0.0,0.0,0.0
0.49035111230233186,1.0,0.5351499941794685,0.44869183490322156,0.23924566807145917,0.5732861287049394,0.5,0.0,0.0,1.0,0.0
0.7692307692307693,0.8,0.47711522452690236,0.6972071947629359,0.838639470387022,0.6719648317769108,1.0,0.0,1.0,1.0,0.0
0.3846153846153847,0.4,0.7878367676786516,0.22284080069006412,0.861075778791309,0.24341187832358505,1.0,0.0,0.0,0.0,1.0
0.7115384615384616,0.2,0.8867988054768975,0.6819609128939413,0.6834651754621109,0.6076416108307473,0.5,0.0,0.0,1.0,0.0
0.730769230769231,1.0,0.07594388439634234,0.8812344322478901,0.5175921244222795,0.3359663458140856,0.5,0.0,1.0,0.0,0.0
0.8653846153846155,1.0,0.49211032908398544,0.9980287093377768,0.05982562322696657,0.1335961993338526,0.25,0.0,1.0,1.0,0.0
0.3846153846153847,0.4,0.28616842232149703,0.4848848513195368,0.9648586846776916,0.46384943532183265,1.0,1.0,0.0,0.0,1.0
0.15384615384615385,0.6000000000000001,0.848149659146436,0.9164470804652867,0.43699950968013057,0.2781158509930439,0.75,0.0,0.0,0.0,1.0
0.15384615384615385,0.2,0.13611208920829004,0.908295484929242,0.4982371328459459,0.16219782887549453,1.0,1.0,0.0,0.0,1.0
0.7115384615384616,0.4,0.7569777171506858,0.655090940263261,0.37724306041842737,0.8785538345399281,0.75,0.0,1.0,0.0,1.0
0.40384615384615385,0.8,0.7440469796925188,0.20517608385495228,0.3019448364991025,0.626585630598649,0.49753289473684204,0.0,0.0,0.0,1.0
0.7692307692307693,0.6000000000000001,0.8806763536362198,0.4947878011911207,0.7476271508805283,0.6817178764168945,0.75,0.0,1.0,0.0,0.0
0.4423076923076924,0.8,0.5031705594505742,0.587981902191755,0.11459489008644126,0.05154332836189564,1.0,0.0,0.0,0.0,1.0
0.40384615384615385,0.8,0.49170414184675193,0.5175477356983259,0.4982371328459459,0.004297543465339068,0.0,1.0,0.0,0.0,1.0
0.05769230769230771,0.6000000000000001,0.6383494895784149,0.04538456115356378,0.8760655787658387,0.9477173678350566,0.49753289473684204,1.0,0.0,0.0,1.0
0.21153846153846156,0.2,0.02823655894469182,0.2707370275871908,0.9620531379045478,0.33193464340485307,1.0,0.0,0.0,1.0,0.0
0.17307692307692313,0.4,0.7461518311682901,0.4947878011911207,0.7247811951378946,0.4043473519737892,0.5,0.0,1.0,0.0,0.0
0.46153846153846156,0.6000000000000001,0.49211032908398544,0.339967846250525,0.7330074447191036,0.8092812477864121,0.75,0.0,0.0,0.0,0.0
0.25,0.8,0.9743806026638672,0.39331152658591584,0.6088825460460295,0.5070750653682783,0.75,1.0,0.0,0.0,0.0
0.8076923076923078,0.0,0.02999952045069315,0.25944823013104684,0.6529878746367187,0.9107315637510024,0.5,0.0,1.0,0.0,1.0
0.40384615384615385,1.0,0.05104875134477191,0.14568680723955815,0.7074510797031616,0.2441460773762944,0.75,1.0,0.0,0.0,1.0
0.730769230769231,0.4,0.45919089355591547,0.6204836647991958,0.05358476103407634,0.04120563884452706,0.75,0.0,0.0,0.0,0.0
0.48076923076923084,0.8,0.8273973211643859,0.9231954762848307,0.7885580103695661,0.7359566961009708,0.5,0.0,0.0,1.0,0.0
0.5000000000000001,0.4,0.917922416871585,0.8680577665496552,0.3268695230260596,0.9457070498366641,0.25,0.0,1.0,0.0,1.0
0.9230769230769232,1.0,0.2997753814608403,0.5051030367253123,0.19296269826747905,0.5398642194077463,0.75,1.0,0.0,0.0,1.0
0.07692307692307698,1.0,0.8340971419876987,0.09846513207097947,0.27541120174832157,0.5070750653682783,0.49753289473684204,0.0,0.0,0.0,0.0
0.5576923076923077,1.0,0.49211032908398544,0.04152671566686589,0.6092737700758909,0.5070750653682783,0.25,0.0,0.0,0.0,0.0
0.3076923076923077,0.4,0.03993600573549663,0.9270647311681675,0.9693262066560044,0.0477657783986244,0.25,1.0,0.0,1.0,0.0
0.49035111230233186,0.6000000000000001,0.6588458816198725,0.5731837964460802,0.2932623075889243,0.8103146774615303,0.25,0.0,0.0,0.0,0.0
0.7500000000000001,1.0,0.5100853507049968,0.9322130524499086,0.5440907602611578,0.010427537788150976,0.49753289473684204,0.0,0.0,1.0,0.0
0.7884615384615384,0.8,0.409276873994036,0.5916372471995707,0.5050513471220031,0.09489073394185893,0.25,0.0,0.0,1.0,0.0
0.7500000000000001,0.0,0.9133366549607426,0.21440583999661494,0.4982371328459459,0.48263948283789837,0.75,0.0,0.0,1.0,0.0
0.9615384615384616,0.0,0.2895936173026573,0.4459754064499809,0.5273806044965542,0.39538016946856064,0.75,0.0,0.0,1.0,0.0
0.019230769230769273,0.8,0.49845297443648307,0.14491999016762175,0.9544712491841313,0.901418376628033,0.5,0.0,0.0,0.0,0.0
0.49035111230233186,1.0,0.03709439431052658,0.7141160669809115,0.33550135332053443,0.9659763126174475,0.75,0.0,1.0,0.0,0.0
0.23076923076923084,0.6000000000000001,0.21585300262283608,0.0067631024826963,0.4982371328459459,0.8283834911083717,0.25,0.0,0.0,0.0,0.0
0.11538461538461542,0.6000000000000001,0.49211032908398544,0.39751226324289124,0.4982371328459459,0.6632820410606112,1.0,0.0,0.0,1.0,0.0
0.8076923076923078,1.0,0.10389087167637662,0.6009009772814082,0.1944746570923817,0.37028635622395384,0.5,0.0,1.0,0.0,1.0
0.1923076923076924,0.0,0.8745811210668882,0.911339609720126,0.4982371328459459,0.5070750653682783,1.0,0.0,0.0,1.0,0.0
0.826923076923077,0.4,0.8085480813678655,0.4947878011911207,0.13969856098713807,0.060414259823240515,0.25,0.0,1.0,1.0,0.0
0.34615384615384615,0.8,0.9872906666131612,0.07815412533436338,0.9885603760945612,0.12594423620606676,1.0,0.0,1.0,1.0,0.0
0.48076923076923084,0.0,0.294935013255343,0.6468529543787251,0.7519032340710254,0.7301376616522107,0.75,0.0,1.0,1.0,0.0
0.576923076923077,0.2,0.49211032908398544,0.32342507571690626,0.4982371328459459,0.35560623001363106,0.25,0.0,0.0,0.0,0.0
0.8653846153846155,1.0,0.32614911837695226,0.22533903359809748,0.9398950882683395,0.5070750653682783,0.5,0.0,1.0,0.0,1.0
0.17307692307692313,0.0,0.5022240441957739,0.4947878011911207,0.4982371328459459,0.5088606200327526,0.0,0.0,0.0,1.0,0.0
0.40384615384615385,1.0,0.7148209214327492,0.8842489836618633,0.9907310820838834,0.6978733971759152,0.25,1.0,0.0,0.0,0.0
0.1923076923076924,1.0,0.07268492426656306,0.10388323973614863,0.4982371328459459,0.10034717596568749,0.0,0.0,0.0,1.0,0.0
0.03846153846153849,0.6000000000000001,0.5576977459472975,0.027195008499373664,0.4982371328459459,0.47653763228469304,0.5,1.0,0.0,0.0,0.0
0.730769230769231,0.4,0.8764532453578703,0.9512551710249275,0.27589441689430616,0.061609657390385694,0.0,0.0,1.0,1.0,0.0
0.05769230769230771,1.0,0.26460283355443054,0.27101471975254465,0.9189680507631255,0.6161791886367095,0.75,1.0,0.0,1.0,0.0
0.07692307692307698,0.2,0.38433523487602084,0.9111078513039589,0.6095598254362634,0.5070750653682783,0.75,1.0,0.0,0.0,0.0
0.5384615384615385,0.4,0.18947775906932962,0.9182717602491886,0.8214409044278669,0.5070750653682783,0.5,1.0,0.0,0.0,1.0
0.576923076923077,1.0,0.49211032908398544,0.1254524290948264,0.4982371328459459,0.8719148880753564,0.25,0.0,1.0,0.0,0.0
0.6153846153846154,0.8,0.5238505455500678,0.5662193888864598,0.7788340597889705,0.5577824523030983,0.25,0.0,0.0,0.0,0.0
0.6538461538461539,0.8,0.8918853979605771,0.4487968640472506,0.7799706315150469,0.5070750653682783,0.5,0.0,1.0,0.0,1.0
0.7500000000000001,1.0,0.022554849333572463,0.855882179248913,0.8509994302567758,0.11337426193605322,0.0,0.0,1.0,1.0,0.0
0.49035111230233186,0.4,0.6917810928451718,0.7985124891808383,0.5310613317691336,0.5070750653682783,0.25,1.0,0.0,0.0,1.0
0.49035111230233186,0.0,0.32062079319493386,0.20123172265287997,0.022150231118714205,0.19343403744717674,0.75,0.0,0.0,0.0,0.0
0.03846153846153849,0.0,0.35031465889040825,0.8978066120157535,0.849172935410561,0.08552732861702309,1.0,0.0,1.0,1.0,0.0
0.21153846153846156,1.0,0.3881834737245491,0.7298484933696257,0.6506510293947313,0.28301788125534283,0.5,0.0,1.0,1.0,0.0
0.5192307692307693,1.0,0.8485561878893807,0.9437344542870625,0.7494247763475897,0.2478472937177462,0.75,0.0,1.0,0.0,1.0
0.23076923076923084,1.0,0.5914998722503898,0.4278971890858686,0.4982371328459459,0.8782539646606896,0.0,0.0,1.0,1.0,0.0
0.5000000000000001,0.2,0.40057187034620656,0.4947878011911207,0.8974255637324906,0.5070750653682783,0.75,0.0,0.0,1.0,0.0
0.25,0.4,0.4054217644014728,0.7508355361222235,0.031599792925691206,0.6098945960878093,0.25,1.0,0.0,0.0,0.0
0.17307692307692313,0.0,0.07365470919241962,0.7575504369330396,0.05995143294918682,0.10296801903204052,0.0,0.0,0.0,0.0,1.0
0.5576923076923077,0.4,0.20938760934077416,0.3453386557657639,0.020650865023877092,0.5070750653682783,0.5,1.0,0.0,0.0,1.0
0.07692307692307698,0.0,0.06052621650063186,0.8091085958749322,0.11001298697049229,0.5070750653682783,0.5,1.0,0.0,0.0,1.0
0.5576923076923077,0.6000000000000001,0.11092972427621572,0.6320787940111914,0.7366818531281412,0.5070750653682783,0.25,0.0,0.0,0.0,0.0
0.05769230769230771,0.8,0.12264307677798769,0.8013541226073937,0.3741656185702519,0.07566502573357702,0.0,0.0,1.0,0.0,1.0
0.49035111230233186,1.0,0.9530104340709887,0.46441022365194246,0.3912495469612797,0.2325530940949665,0.49753289473684204,0.0,1.0,1.0,0.0
0.17307692307692313,0.6000000000000001,0.4567259027279462,0.4947878011911207,0.9077834478990818,0.6708235606407422,1.0,1.0,0.0,0.0,1.0
0.40384615384615385,0.0,0.8380493709094785,0.692351253055914,0.9770111035401998,0.09312020434793057,0.0,0.0,0.0,0.0,1.0
0.15384615384615385,1.0,0.49211032908398544,0.863002728479331,0.46754696849294775,0.5282390316434293,0.5,0.0,0.0,1.0,0.0
0.826923076923077,1.0,0.6214216912107495,0.06911082695119027,0.4982371328459459,0.6608425699587142,1.0,0.0,1.0,1.0,0.0
0.2692307692307693,1.0,0.669930166058876,0.8336756816384586,0.6049892751806547,0.75066380285874,1.0,0.0,0.0,1.0,0.0
0.7692307692307693,0.0,0.041201043297575596,0.9980628447410217,0.4982371328459459,0.9122327834652977,1.0,0.0,0.0,0.0,0.0
0.0,1.0,0.8418346556859853,0.4947878011911207,0.9789519918934224,0.5716121153244613,0.0,0.0,1.0,1.0,0.0
0.980769230769231,0.0,0.2670092630367959,0.3266586466586903,0.4982371328459459,0.05660965498267423,0.0,0.0,0.0,0.0,1.0
0.21153846153846156,1.0,0.27677180817475605,0.5804641947220399,0.9427072566934824,0.6091660776521883,0.25,0.0,0.0,0.0,0.0
0.5576923076923077,1.0,0.2047596616228653,0.14379725164524168,0.5513544370594036,0.5070750653682783,0.25,0.0,1.0,0.0,0.0
0.6346153846153847,0.4,0.5101564232856306,0.7118437022459629,0.3379353423139628,0.5241116475401452,0.25,0.0,0.0,1.0,0.0
0.28846153846153855,1.0,0.1956764087229304,0.29094717970377953,0.2610928122776897,0.5070750653682783,1.0,1.0,0.0,1.0,0.0
0.6153846153846154,0.4,0.49211032908398544,0.355215126784386,0.4982371328459459,0.12365560428143181,1.0,0.0,0.0,0.0,0.0
1.0,1.0,0.8214114622984448,0.8815737023161551,0.9159056863161936,0.09419002976817487,0.25,1.0,0.0,0.0,0.0
0.980769230769231,1.0,0.21404788821550114,0.8347492443790552,0.40631064003115763,0.6638193557528994,0.75,0.0,1.0,0.0,0.0
0.28846153846153855,1.0,0.3269909058988146,0.17505547187591566,0.3901623560672161,0.5070750653682783,0.5,0.0,1.0,1.0,0.0
0.5576923076923077,0.8,0.0022597885631456816,0.4763837764599636,0.9812739376138687,0.0047934445392388125,0.25,0.0,0.0,0.0,1.0
0.980769230769231,1.0,0.7659356071143557,0.343061477845754,0.8922901156795315,0.14070609962924685,0.0,0.0,0.0,0.0,0.0
0.9230769230769232,1.0,0.3196687032724917,0.4947878011911207,0.9715289884656303,0.48872121294944404,1.0,0.0,0.0,1.0,0.0
0.5384615384615385,1.0,0.4253202816511147,0.5736520975524637,0.4982371328459459,0.5070750653682783,0.5,0.0,0.0,0.0,1.0
0.03846153846153849,0.4,0.7530449791719095,0.04460409970341944,0.9631544597617598,0.446026603510922,1.0,1.0,0.0,0.0,0.0
0.17307692307692313,0.2,0.35172653248527275,0.41653665277482876,0.5093218054838182,0.5070750653682783,0.0,0.0,1.0,0.0,1.0
0.6923076923076924,0.0,0.49211032908398544,0.7403446596788607,0.5060876740217389,0.7711952393587519,0.75,1.0,0.0,0.0,0.0
0.7500000000000001,1.0,0.005185699264659449,0.4219784261509981,0.6092194465075704,0.11531523311601519,0.49753289473684204,0.0,0.0,0.0,0.0
0.49035111230233186,0.0,0.24609647972868492,0.9208295370663185,0.5385665404154766,0.8341539510991897,0.0,1.0,0.0,0.0,0.0
0.07692307692307698,1.0,0.09462209404210017,0.7172058765396653,0.49124918498196113,0.3892262276097585,0.25,0.0,1.0,1.0,0.0
0.6923076923076924,0.2,0.5246928964650358,0.5467711659868862,0.4982371328459459,0.13057741589578103,0.25,0.0,1.0,0.0,1.0
0.8076923076923078,1.0,0.19686162078087494,0.7160943912851476,0.4982371328459459,0.08595090651971157,0.5,1.0,0.0,1.0,0.0
0.3846153846153847,0.2,0.7784875045238328,0.1035383251267733,0.5698530163361089,0.40064028428414616,0.0,0.0,1.0,0.0,0.0
0.8461538461538461,0.4,0.6797869403735292,0.0565125497319363,0.4982371328459459,0.1156129715564128,0.75,1.0,0.0,0.0,1.0
0.49035111230233186,1.0,0.29777906542679755,0.40497345569326854,0.5645883601622038,0.36144301685899066,0.0,0.0,0.0,0.0,1.0
0.5576923076923077,0.2,0.3223949335589597,0.8021433466536876,0.5076747955050909,0.7569995837680209,0.49753289473684204,0.0,1.0,1.0,0.0
0.7500000000000001,0.0,0.49211032908398544,0.3357002553256817,0.4982371328459459,0.19047799978764363,0.75,0.0,1.0,0.0,1.0
0.576923076923077,1.0,0.5187718679917857,0.004468722411163008,0.42947341126596666,0.32503468238472377,0.25,0.0,1.0,0.0,0.0
0.6538461538461539,1.0,0.12792691099427683,0.22327789223668987,0.7936340783620282,0.7780933828946335,0.25,0.0,1.0,0.0,1.0
0.019230769230769273,0.6000000000000001,0.691733095650516,0.9131157799924422,0.9923101294923741,0.590826742832275,0.25,0.0,1.0,1.0,0.0
0.8461538461538461,0.2,0.06622345171870747,0.04731783340875424,0.3873306165069221,0.6132905030868883,1.0,0.0,0.0,0.0,0.0
0.49035111230233186,0.2,0.49211032908398544,0.4874447055236059,0.14578662247062305,0.7031924258127474,0.75,0.0,0.0,0.0,0.0
0.8461538461538461,1.0,0.574906090467172,0.9406827473070372,0.9837166032636692,0.09363866312642186,0.25,0.0,1.0,0.0,1.0
0.21153846153846156,0.0,0.6853570507963149,0.24057773656632805,0.482612748108246,0.07899704124100342,0.25,0.0,1.0,1.0,0.0
0.49035111230233186,1.0,0.5824824935690583,0.9094878663549174,0.21269047486167272,0.5873005459505716,0.75,0.0,0.0,0.0,0.0
1.0,0.2,0.17242049834437612,0.7677442072673312,0.17718712302516473,0.5070750653682783,0.5,1.0,0.0,0.0,1.0
0.6538461538461539,0.8,0.2511906546183538,0.8643712890442665,0.02518387134884436,0.9814650709182884,0.49753289473684204,0.0,1.0,1.0,0.0
0.49035111230233186,0.4,0.6441407542449216,0.1411875140587802,0.4982371328459459,0.3052551041795648,1.0,0.0,0.0,0.0,1.0
0.730769230769231,0.2,0.6573451177479529,0.4947878011911207,0.8973809799153887,0.4940535612908895,0.75,1.0,0.0,1.0,0.0
0.826923076923077,1.0,0.951676144546927,0.3268452474287171,0.5800109572911182,0.5070750653682783,0.0,0.0,0.0,1.0,0.0
0.9230769230769232,0.0,0.8867939911905248,0.9308813417733842,0.4982371328459459,0.8328247247071725,1.0,0.0,0.0,1.0,0.0
0.42307692307692313,0.8,0.8836679471873897,0.4947878011911207,0.8839229360872006,0.2378143616291459,1.0,0.0,0.0,0.0,1.0
0.730769230769231,0.2,0.49211032908398544,0.1999147234373322,0.01759133538478668,0.2624356458021524,0.0,0.0,1.0,0.0,1.0
0.9615384615384616,0.8,0.9584458381866342,0.44820551631521244,0.4982371328459459,0.5070750653682783,0.5,1.0,0.0,0.0,0.0
0.0961538461538462,0.2,0.49211032908398544,0.19527048395379684,0.29370330544019624,0.26236864877534616,0.75,0.0,1.0,0.0,1.0
0.5961538461538463,1.0,0.49211032908398544,0.16151213103375617,0.2251111503265834,0.7357471583362494,0.25,0.0,0.0,0.0,1.0
0.6538461538461539,0.4,0.9830546654100613,0.13570720243293635,0.5134200052336383,0.47852616029298256,0.0,0.0,0.0,1.0,0.0
0.0961538461538462,1.0,0.19879745093931972,0.24779269700841236,0.4982371328459459,0.962969849933161,1.0,1.0,0.0,0.0,1.0
0.8076923076923078,0.8,0.835230955474081,0.8501437770230205,0.6280050386378648,0.545493761859448,0.75,1.0,0.0,1.0,0.0
0.49035111230233186,1.0,0.46192390182057275,0.09897001216720239,0.14711225776866074,0.7900370783699427,0.75,0.0,0.0,0.0,0.0
0.326923076923077,0.2,0.38898059770629023,0.7575190379979739,0.17961371312451982,0.7882801141444411,0.5,1.0,0.0,0.0,0.0
0.7692307692307693,0.2,0.2522645371765052,0.483774272478172,0.4982371328459459,0.11387058086346058,0.25,0.0,1.0,0.0,0.0
0.0961538461538462,1.0,0.7210161400733622,0.7283539965547469,0.5931520997682038,0.20422187046822418,0.49753289473684204,1.0,0.0,1.0,0.0
0.7692307692307693,0.4,0.8209507766764879,0.19219516116129673,0.6262600094171136,0.5070750653682783,0.5,1.0,0.0,0.0,0.0
0.42307692307692313,0.4,0.2970590293798584,0.29957072667143936,0.2562437053686019,0.29293235305243587,0.25,1.0,0.0,0.0,1.0
0.7692307692307693,1.0,0.012674121756395568,0.40457518936435655,0.4821336324782202,0.9564043613821026,0.75,0.0,1.0,1.0,0.0
0.49035111230233186,0.8,0.8419972242609337,0.9060340807844612,0.3289826226710077,0.25214646743404184,0.25,0.0,0.0,0.0,1.0
0.6923076923076924,0.2,0.3629220503573175,0.5814954081055027,0.612535444893692,0.14387786537905795,0.75,0.0,0.0,1.0,0.0
0.7500000000000001,1.0,0.048475711541689254,0.03100317098005392,0.7279926798251822,0.697368774267214,0.25,1.0,0.0,1.0,0.0
0.5192307692307693,0.2,0.15315716397850393,0.324685051300869,0.3414939864267776,0.5070750653682783,0.49753289473684204,0.0,0.0,0.0,1.0
0.3653846153846154,0.0,0.20507489762699266,0.6248447011129794,0.9823715295741525,0.2880386953847341,0.5,1.0,0.0,1.0,0.0
0.11538461538461542,0.6000000000000001,0.8251259074051785,0.007414080411024874,0.22942533383397204,0.7305883752067126,1.0,1.0,0.0,0.0,1.0
0.49035111230233186,1.0,0.8633874940307086,0.4947878011911207,0.4982371328459459,0.8953461804464475,1.0,1.0,0.0,1.0,0.0
0.980769230769231,1.0,0.3001345021928557,0.5776774231660285,0.3350775091779771,0.8174357404417267,0.75,0.0,0.0,1.0,0.0
0.49035111230233186,0.0,0.29761312216642427,0.3869585438687639,0.1409916656672344,0.5162865235186259,0.25,0.0,1.0,0.0,0.0
0.49035111230233186,0.2,0.49211032908398544,0.7165965960964723,0.7069291757950906,0.5070750653682783,0.0,0.0,0.0,1.0,0.0
0.13461538461538464,0.2,0.9517894968100137,0.006956959341382227,0.1158225600278889,0.6987367385125722,0.75,0.0,0.0,1.0,0.0
0.13461538461538464,0.4,0.5703720167975875,0.1566910362530845,0.9887587347724506,0.5070750653682783,0.75,0.0,1.0,0.0,0.0
0.8461538461538461,1.0,0.6329804750512122,0.45855969137336866,0.4491393485646818,0.5070750653682783,1.0,0.0,0.0,1.0,0.0
0.49035111230233186,0.2,0.49211032908398544,0.16468974091980132,0.7283450540892945,0.43729892320335423,0.0,0.0,0.0,1.0,0.0
0.5000000000000001,0.6000000000000001,0.35144962748467645,0.6887243771431323,0.42066939461573155,0.953114384109704,0.0,1.0,0.0,1.0,0.0
0.8846153846153847,0.6000000000000001,0.3786907897808077,0.6952171944370618,0.8405048924336206,0.5070750653682783,1.0,1.0,0.0,1.0,0.0
0.11538461538461542,0.8,0.28396248221774484,0.039841317597401116,0.29748354309257313,0.9547355946342875,1.0,1.0,0.0,1.0,0.0
0.8653846153846155,0.0,0.819800266965363,0.7502057178312489,0.3426953385004155,0.927429682135658,0.5,1.0,0.0,0.0,1.0
0.46153846153846156,0.6000000000000001,0.4194859829264378,0.6548618702075775,0.733763971235083,0.7265320828838854,0.75,1.0,0.0,0.0,0.0
0.23076923076923084,0.4,0.6261303347808221,0.08495320176560102,0.29446514253292366,0.3477040216402469,1.0,1.0,0.0,1.0,0.0
0.5576923076923077,0.6000000000000001,0.8309607208053627,0.4947878011911207,0.890969784458472,0.5923422247302879,0.49753289473684204,0.0,0.0,0.0,0.0
0.8076923076923078,1.0,0.18607683287699023,0.7229143515320733,0.3863942330976285,0.5070750653682783,0.25,1.0,0.0,1.0,0.0
0.7500000000000001,0.0,0.17823205660704527,0.11117031587593046,0.4982371328459459,0.681930263504185,0.25,0.0,1.0,1.0,0.0
0.5576923076923077,1.0,0.6882905886428903,0.6197833275071424,0.14790985365214582,0.7821919769072883,0.0,0.0,0.0,0.0,1.0
0.9615384615384616,0.4,0.069686962944736,0.18561094454867672,0.7166426533216891,0.5517469225726256,0.25,0.0,0.0,1.0,0.0
0.3653846153846154,1.0,0.04463402125814267,0.9278433927340072,0.8349680581704186,0.32429512541496136,1.0,0.0,1.0,0.0,0.0
0.15384615384615385,0.8,0.6238160570755745,0.23191542713755683,0.4982371328459459,0.8163209447445967,1.0,1.0,0.0,1.0,0.0
0.15384615384615385,0.8,0.8223019816541554,0.4282556681376854,0.3600863849685542,0.012950543944406893,0.25,1.0,0.0,1.0,0.0
0.49035111230233186,1.0,0.7686614678584519,0.4947878011911207,0.16702428213180398,0.16473575274641053,0.0,0.0,0.0,1.0,0.0
0.05769230769230771,0.8,0.3601261909424808,0.24343179868157275,0.4982371328459459,0.7219489414777095,0.25,0.0,1.0,1.0,0.0
0.5192307692307693,0.0,0.9724287516194351,0.4947878011911207,0.6524682611861499,0.8000654729269588,0.49753289473684204,0.0,0.0,0.0,1.0
0.9038461538461539,0.6000000000000001,0.09738503251393876,0.019400665073074964,0.2620079714981286,0.7212121041166489,0.5,0.0,0.0,0.0,0.0
0.21153846153846156,0.0,0.9920793308843999,0.010456809450089161,0.7176770885790487,0.41065896613260555,0.0,0.0,0.0,0.0,1.0
0.8461538461538461,0.4,0.802767435712227,0.8867857364432834,0.897378324227461,0.6988741968710129,0.5,0.0,1.0,0.0,1.0
0.25,0.8,0.06348962589305757,0.35988036635656473,0.4319021400244598,0.07585239262553298,1.0,0.0,0.0,1.0,0.0
0.21153846153846156,0.0,0.17684443048106568,0.8618546592738948,0.8201493601787923,0.35831826617228385,0.75,0.0,1.0,0.0,0.0
0.49035111230233186,0.6000000000000001,0.9914180228659227,0.7152585755565972,0.08226300330306616,0.9496786431775701,0.5,1.0,0.0,0.0,1.0
0.7692307692307693,0.6000000000000001,0.25859066504439004,0.509198694757144,0.4982371328459459,0.5070750653682783,1.0,0.0,1.0,1.0,0.0
0.49035111230233186,0.2,0.38007790762966365,0.3238791848679643,0.5635334377175872,0.10929930395648102,0.75,0.0,0.0,1.0,0.0
0.6538461538461539,0.4,0.17376548859120922,0.03287859053314916,0.4982371328459459,0.8444735680512401,0.25,0.0,0.0,0.0,1.0
0.8461538461538461,0.8,0.18646596863969994,0.2054209667454525,0.45150171756323293,0.9876809286142395,0.0,0.0,1.0,0.0,1.0
0.9038461538461539,0.4,0.25827937595410144,0.6214890949025831,0.4982371328459459,0.5070750653682783,0.75,1.0,0.0,1.0,0.0
0.6538461538461539,0.8,0.8790057463109912,0.9698857125472546,0.8142068343639092,0.5070750653682783,0.25,1.0,0.0,0.0,1.0
0.5384615384615385,0.8,0.4808473005350187,0.7629349256179819,0.4982371328459459,0.28059633008848267,1.0,1.0,0.0,1.0,0.0
0.7884615384615384,1.0,0.49211032908398544,0.6444349331830426,0.018201296137340797,0.06208297839364893,0.0,0.0,0.0,0.0,0.0
0.3653846153846154,1.0,0.1880315102889189,0.602629977125719,0.12414037227725433,0.5070750653682783,0.75,0.0,0.0,0.0,0.0
0.23076923076923084,0.6000000000000001,0.25751891940803856,0.3321462969203958,0.8627657483130735,0.09489401563166211,1.0,1.0,0.0,1.0,0.0
0.2692307692307693,0.2,0.47821312251529813,0.34072479942058553,0.03163802901676857,0.8144836533842539,0.5,0.0,1.0,0.0,0.0
0.9230769230769232,0.0,0.7729352847287606,0.29932554707121717,0.1749026580165923,0.5070750653682783,0.0,0.0,0.0,0.0,0.0
0.9615384615384616,0.6000000000000001,0.7717885116827773,0.9420879311300405,0.18060091666277395,0.6769260112095531,1.0,0.0,1.0,0.0,1.0
0.0,1.0,0.5523933033009417,0.6373433319085193,0.7198225765161677,0.5070750653682783,0.0,0.0,1.0,1.0,0.0
0.326923076923077,0.4,0.9231474126213827,0.1945424887655052,0.4982371328459459,0.9488704226505611,0.5,0.0,0.0,1.0,0.0
0.49035111230233186,0.8,0.042446469386359514,0.3379810691808051,0.9951138509851166,0.5526519772876669,0.75,1.0,0.0,1.0,0.0
0.0961538461538462,0.8,0.4445440733862356,0.4947878011911207,0.497792195658133,0.3221913409629779,0.75,0.0,1.0,1.0,0.0
0.48076923076923084,1.0,0.6492943709248583,0.17606179574346628,0.4649280933941272,0.5070750653682783,1.0,0.0,1.0,0.0,0.0
0.3653846153846154,0.6000000000000001,0.6129785176281233,0.4947878011911207,0.1286775164885407,0.5070750653682783,1.0,0.0,0.0,0.0,1.0
0.8461538461538461,1.0,0.6241257465077471,0.19237650175027998,0.5973134435051407,0.982943702480806,1.0,0.0,0.0,0.0,0.0
0.03846153846153849,0.2,0.07218361541656051,0.27111690049029347,0.5838663647588158,0.9033175154842443,0.75,1.0,0.0,1.0,0.0
0.8653846153846155,1.0,0.763781033348975,0.7628420919366884,0.13253564438411822,0.11816239449808638,0.5,0.0,0.0,0.0,0.0
0.49035111230233186,1.0,0.49211032908398544,0.41366796188316873,0.22115359348137395,0.06646300267161984,0.25,0.0,0.0,0.0,1.0
0.40384615384615385,0.6000000000000001,0.8935594673036754,0.5081442716229326,0.6110980180203317,0.8558566224380997,0.75,0.0,1.0,1.0,0.0
0.326923076923077,0.2,0.49211032908398544,0.04096128978051786,0.37373671946276005,0.6494019888554478,0.75,0.0,1.0,1.0,0.0
0.6730769230769232,0.2,0.5632986432315262,0.4947878011911207,0.41785659867382036,0.12053142591679825,0.5,1.0,0.0,1.0,0.0
0.4423076923076924,0.2,0.49211032908398544,0.8718305694683144,0.41373611334441474,0.8892928628793935,1.0,0.0,1.0,0.0,0.0
0.980769230769231,0.0,0.49211032908398544,0.6412193602434081,0.4982371328459459,0.9653718946132432,0.25,0.0,1.0,0.0,1.0
0.48076923076923084,0.6000000000000001,0.2744027917173912,0.417804449416795,0.36944030642907427,0.0035455418148298344,0.25,0.0,1.0,1.0,0.0
0.9615384615384616,0.0,0.6176589639106559,0.8688571934990418,0.4982371328459459,0.2800010014119168,0.49753289473684204,0.0,1.0,0.0,1.0
0.019230769230769273,1.0,0.9470497973469906,0.935182480090042,0.5004316767414417,0.9080226231786882,0.0,0.0,1.0,1.0,0.0
0.40384615384615385,0.0,0.4409862104549185,0.591060103848174,0.5401528860335647,0.3536218006515198,0.25,0.0,0.0,0.0,1.0
0.5576923076923077,0.8,0.4832480896629765,0.029960677742009296,0.8723390006113138,0.5070750653682783,0.49753289473684204,1.0,0.0,1.0,0.0
0.07692307692307698,0.4,0.6085592440093746,0.48826107440777683,0.4982371328459459,0.24113891786609953,0.25,0.0,1.0,0.0,1.0
0.7692307692307693,0.0,0.5568251854664968,0.4947878011911207,0.09356067628025438,0.5070750653682783,0.49753289473684204,1.0,0.0,0.0,0.0
0.8461538461538461,0.8,0.4857721940353523,0.025607007821564238,0.31282804750784354,0.07806114977512829,0.25,1.0,0.0,1.0,0.0
0.6153846153846154,0.8,0.5524566566111602,0.654763269858901,0.30752675472418334,0.9647087643504789,0.25,0.0,1.0,1.0,0.0
0.34615384615384615,0.0,0.5394920421832449,0.1511989011385327,0.6639848949781184,0.5070750653682783,0.49753289473684204,1.0,0.0,1.0,0.0
0.05769230769230771,1.0,0.29341285178787946,0.730446616495421,0.4982371328459459,0.08639237285152049,0.25,0.0,0.0,1.0,0.0
0.7500000000000001,0.2,0.5230906897464946,0.12372187946712929,0.4705963834164209,0.5070750653682783,0.5,0.0,0.0,1.0,0.0
0.980769230769231,0.0,0.964950907730063,0.9934196236600471,0.8409428441270551,0.462774175498504,0.75,1.0,0.0,0.0,0.0
0.019230769230769273,0.4,0.7381227111532258,0.6927079312985523,0.9795823632518099,0.5070750653682783,1.0,1.0,0.0,1.0,0.0
0.49035111230233186,0.4,0.4523110705980864,0.4947878011911207,0.4564344758829367,0.436755714630441,0.5,0.0,0.0,1.0,0.0
0.07692307692307698,0.6000000000000001,0.8534870569921952,0.20470350321100028,0.14206097923400549,0.5070750653682783,0.75,0.0,0.0,1.0,0.0
0.13461538461538464,1.0,0.07198601188936657,0.09381275441218313,0.8857428580897352,0.4084225728522531,0.0,0.0,1.0,0.0,1.0
0.6923076923076924,1.0,0.5217734583425595,0.8326686318312347,0.6762231040504322,0.30637262788461556,1.0,1.0,0.0,1.0,0.0
0.576923076923077,1.0,0.2692190903135121,0.04585210530751846,0.08548879424238043,0.21323000565777894,0.0,1.0,0.0,0.0,1.0
0.980769230769231,0.8,0.9162283742307072,0.31430181524991413,0.9526217100663594,0.8464566047750863,0.0,0.0,0.0,1.0,0.0
0.5961538461538463,1.0,0.32018808404950433,0.4958356812034909,0.6026846725458125,0.5070750653682783,0.5,0.0,0.0,0.0,1.0
0.49035111230233186,0.4,0.9412324710499004,0.3601549619770029,0.4894619816445324,0.8000761759603537,0.0,0.0,0.0,1.0,0.0
0.5961538461538463,0.6000000000000001,0.6413688521353859,0.07400469159248364,0.4982371328459459,0.2995129624290858,0.49753289473684204,0.0,1.0,1.0,0.0
0.5576923076923077,0.6000000000000001,0.44901990826339333,0.27695117309319717,0.6067256727248923,0.6360696903562005,1.0,0.0,1.0,0.0,0.0
0.28846153846153855,0.2,0.49211032908398544,0.9074253403170118,0.454825400180089,0.16798327568331436,0.25,0.0,0.0,0.0,0.0
0.730769230769231,1.0,0.2440069137075221,0.669453108417076,0.9448261552500454,0.5070750653682783,1.0,0.0,0.0,1.0,0.0
0.48076923076923084,0.4,0.4094618763735641,0.972067962818098,0.4982371328459459,0.6110734432320305,0.5,1.0,0.0,0.0,0.0
0.2692307692307693,0.2,0.1877357754094338,0.38376755572924603,0.3077184033173164,0.9747198128484467,0.75,0.0,1.0,1.0,0.0
0.3653846153846154,1.0,0.5227520366296455,0.45736180524510356,0.6091974923895112,0.1310952244306941,0.0,0.0,0.0,1.0,0.0
0.23076923076923084,0.2,0.49211032908398544,0.7589290745633078,0.4982371328459459,0.8733996460571296,0.0,0.0,0.0,0.0,0.0
0.8461538461538461,0.8,0.8656193871542014,0.04400790846751178,0.07277512428278063,0.5070750653682783,0.25,1.0,0.0,1.0,0.0
0.9423076923076924,1.0,0.014634858124058292,0.36515414627182613,0.7616071706136726,0.572987386321681,0.75,1.0,0.0,0.0,0.0
0.0,0.6000000000000001,0.6034112628054608,0.4947878011911207,0.19812492682640262,0.42210145654048475,0.25,0.0,1.0,1.0,0.0
0.49035111230233186,0.6000000000000001,0.433835161775435,0.8924448223231399,0.6209871708104964,0.5070750653682783,0.25,0.0,0.0,0.0,0.0
0.23076923076923084,0.0,0.03485748203887773,0.6011802166080994,0.3601460281789851,0.5271315225469628,0.25,0.0,0.0,1.0,0.0
0.6923076923076924,0.0,0.49211032908398544,0.35067277431781224,0.6061140526793792,0.020279014113822085,1.0,1.0,0.0,0.0,1.0
0.46153846153846156,1.0,0.459310326449031,0.3374706187210902,0.763535535240046,0.2462281062875969,0.75,0.0,1.0,1.0,0.0
0.42307692307692313,0.8,0.8272333624544419,0.11084769049622364,0.04591138620964463,0.8392519623049859,0.25,0.0,0.0,1.0,0.0
0.03846153846153849,0.2,0.9025938841856661,0.029703780354561924,0.8953180680304013,0.005344907660654879,0.0,0.0,0.0,1.0,0.0
0.730769230769231,0.6000000000000001,0.7831297945542461,0.4947878011911207,0.2773982983849283,0.7963845945845579,0.25,0.0,1.0,0.0,0.0
0.3076923076923077,0.2,0.07341364308848974,0.16318130816558343,0.18966562617713068,0.38952198280983286,0.75,0.0,0.0,1.0,0.0
0.49035111230233186,0.6000000000000001,0.19876126995457116,0.06199669939203341,0.1582787959071033,0.5070750653682783,1.0,0.0,1.0,0.0,1.0
0.8653846153846155,0.6000000000000001,0.3168852403678599,0.40649878853672017,0.8587052823578495,0.13364166853932782,0.0,0.0,0.0,1.0,0.0
0.4423076923076924,0.4,0.5006441247796605,0.4131622754095132,0.01204599592161174,0.6467987155019611,0.49753289473684204,0.0,1.0,0.0,0.0
0.0,0.0,0.08126769636005185,0.4947878011911207,0.7350594221779247,0.047179263573505735,0.0,1.0,0.0,0.0,1.0
0.3846153846153847,0.4,0.2392502168048129,0.9989366551863336,0.1980387040851871,0.710551391234402,0.25,1.0,0.0,1.0,0.0
0.49035111230233186,0.8,0.3358263203784101,0.5055002610505006,0.7581607934584292,0.3302073264836364,1.0,0.0,1.0,1.0,0.0
0.019230769230769273,0.6000000000000001,0.49211032908398544,0.5444133838551636,0.12635986497833637,0.6230013876211469,0.75,0.0,0.0,0.0,1.0
0.9038461538461539,0.8,0.9848680082681306,0.9526621861120509,0.22987730963950423,0.022446918901761263,0.25,1.0,0.0,0.0,0.0
0.15384615384615385,0.4,0.39289686452649975,0.40510888546490226,0.34222623860876544,0.5506511838482544,0.5,1.0,0.0,1.0,0.0
0.4423076923076924,0.4,0.8553247479551983,0.8184972760481951,0.1762317021857482,0.5070750653682783,0.25,0.0,1.0,0.0,1.0
0.5576923076923077,0.4,0.7292646634360328,0.7606738743323883,0.030147158941092045,0.014893518758122955,1.0,0.0,0.0,1.0,0.0
0.49035111230233186,0.0,0.4547019103475055,0.4947878011911207,0.40137599409789876,0.07909668654071388,0.25,0.0,1.0,0.0,1.0
0.34615384615384615,1.0,0.3892891135358333,0.4128858219366138,0.12139506675381412,0.9343754506136642,0.25,0.0,0.0,1.0,0.0
0.03846153846153849,1.0,0.60961894587982,0.9228237964709824,0.19784972736888326,0.5070750653682783,0.75,0.0,0.0,0.0,1.0
0.6346153846153847,1.0,0.10039722062262646,0.4612600095060165,0.2358583368505789,0.5070750653682783,1.0,1.0,0.0,1.0,0.0
0.576923076923077,0.6000000000000001,0.7979316090010529,0.9562782538970079,0.2558949075029737,0.7821094849549702,0.0,1.0,0.0,1.0,0.0
0.6153846153846154,1.0,0.38172198710119876,0.17055431489799244,0.47731101866238057,0.43722215953811433,0.0,1.0,0.0,0.0,1.0
0.28846153846153855,0.2,0.7118594901334773,0.39374371939924074,0.054555749686446824,0.3636133799874907,0.25,0.0,0.0,1.0,0.0
0.5000000000000001,1.0,0.49211032908398544,0.8786509274206039,0.4459479765284187,0.5328464163827513,0.75,0.0,0.0,1.0,0.0
0.7884615384615384,0.4,0.8609087347338139,0.11687332959649219,0.23732387088078838,0.013860601871591457,1.0,0.0,0.0,1.0,0.0
0.46153846153846156,0.0,0.929395724595728,0.4947878011911207,0.4982371328459459,0.2791431454247384,0.25,0.0,1.0,0.0,1.0
0.8653846153846155,0.4,0.26293451615414964,0.8900460788432062,0.044208724949390335,0.3009610048266423,0.75,0.0,0.0,0.0,1.0
0.6730769230769232,0.2,0.06369817922244567,0.666455802498133,0.62884399412098,0.4917601331737223,0.49753289473684204,0.0,0.0,1.0,0.0
0.49035111230233186,0.4,0.8231894492723049,0.08454809042169686,0.7303997193578431,0.4445904615468665,0.75,0.0,0.0,0.0,1.0
0.9038461538461539,0.4,0.9989098153353463,0.045582394949259225,0.7163823700904325,0.4364682379613397,0.75,0.0,0.0,0.0,1.0
0.9230769230769232,0.0,0.9540142046911221,0.9752053785012677,0.3332797107515224,0.5616031615802793,1.0,0.0,1.0,0.0,1.0
0.8076923076923078,0.0,0.16734892702429266,0.4947878011911207,0.28655073364917155,0.5384363112011342,0.0,1.0,0.0,0.0,1.0
0.5192307692307693,1.0,0.49211032908398544,0.359550047584182,0.4982371328459459,0.5070750653682783,0.75,0.0,0.0,0.0,1.0
0.11538461538461542,0.4,0.49211032908398544,0.7518675561409774,0.8101780565831644,0.32081738002865234,0.25,0.0,1.0,1.0,0.0
0.03846153846153849,0.6000000000000001,0.30911209323282945,0.0585212085356913,0.15535326082626455,0.4336251687891797,1.0,0.0,0.0,0.0,1.0
0.49035111230233186,0.8,0.49211032908398544,0.6281651747550416,0.770091890566588,0.13941585980782215,0.75,0.0,0.0,1.0,0.0
0.6730769230769232,0.6000000000000001,0.4702336147051812,0.028352936304943104,0.4982371328459459,0.6903168076867698,0.5,1.0,0.0,1.0,0.0
0.0,0.6000000000000001,0.06210262026425395,0.3650184277024402,0.9920986415025491,0.881378688301098,0.5,0.0,1.0,0.0,0.0
0.0,1.0,0.12758608935665217,0.26517048422006706,0.4982371328459459,0.764519794806826,1.0,0.0,1.0,0.0,1.0
0.6346153846153847,1.0,0.19069444774318917,0.9527158037971359,0.9377832632082129,0.5663650537574133,0.0,0.0,0.0,1.0,0.0
0.5000000000000001,0.0,0.07075351342552011,0.919467690706913,0.4982371328459459,0.8097787302362265,0.5,0.0,0.0,0.0,0.0
0.6730769230769232,1.0,0.8075310579561212,0.8709702502773045,0.4982371328459459,0.8934256014661107,0.0,0.0,0.0,1.0,0.0
0.49035111230233186,1.0,0.6404143911165948,0.870720208929372,0.4982371328459459,0.5610016618677645,0.25,0.0,0.0,1.0,0.0
0.019230769230769273,1.0,0.35155708117266027,0.9179996173099592,0.4982371328459459,0.4705984690754326,0.5,0.0,0.0,0.0,1.0
0.9230769230769232,1.0,0.17016965369962989,0.5065449921682699,0.07212309723811597,0.9414485891989078,0.49753289473684204,0.0,1.0,0.0,0.0
0.3076923076923077,0.4,0.7308278122023579,0.4966564761441588,0.7608713950321588,0.42722401815388256,1.0,0.0,0.0,0.0,0.0
0.49035111230233186,1.0,0.0011711830280431434,0.5760351592279596,0.5098852210123509,0.4173817002449866,0.75,0.0,0.0,1.0,0.0
0.11538461538461542,1.0,0.5371679386259456,0.786667455986183,0.5211995216963807,0.5070750653682783,1.0,0.0,0.0,0.0,1.0
0.5000000000000001,1.0,0.47828921493326026,0.34605720928008804,0.6450737275114837,0.24027971819095167,0.25,1.0,0.0,1.0,0.0
0.46153846153846156,1.0,0.6597473782269502,0.24827289201033034,0.4982371328459459,0.7203276652639897,0.75,0.0,1.0,0.0,0.0
0.49035111230233186,1.0,0.49211032908398544,0.5551783002679259,0.9044733795541643,0.5070750653682783,0.0,0.0,0.0,0.0,1.0
0.49035111230233186,0.6000000000000001,0.46759919450900855,0.9921231815947217,0.4982371328459459,0.13742929598582598,0.5,0.0,0.0,0.0,1.0
0.6923076923076924,0.6000000000000001,0.173856975825259,0.802159344202793,0.4982371328459459,0.5070750653682783,1.0,0.0,0.0,1.0,0.0
0.6346153846153847,0.2,0.3853642308377332,0.4236288328290145,0.31421733779065003,0.61030422738462,0.0,0.0,0.0,0.0,1.0
0.8653846153846155,0.0,0.2744468488800482,0.7318746987018949,0.5767520944013925,0.15277012406835194,0.0,0.0,1.0,1.0,0.0
0.2692307692307693,0.2,0.24194155679827983,0.31846376633392726,0.8628163028054395,0.3908792856922337,0.25,1.0,0.0,0.0,1.0
0.28846153846153855,0.4,0.869720352858817,0.9689956624209229,0.661363781287774,0.5502348837171175,0.5,1.0,0.0,0.0,0.0
0.13461538461538464,0.2,0.49211032908398544,0.04641344709899431,0.38161555937572633,0.6383873838995622,0.5,0.0,1.0,0.0,1.0
0.980769230769231,0.0,0.3473312348695058,0.08355042681070213,0.56459244388524,0.23449097093790158,0.0,0.0,0.0,1.0,0.0
0.980769230769231,0.6000000000000001,0.10107561298617862,0.39665622829999914,0.4982371328459459,0.5070750653682783,1.0,0.0,0.0,0.0,1.0
0.28846153846153855,0.6000000000000001,0.4436283323504162,0.45662593299130133,0.5758631613101228,0.1243439943557352,0.49753289473684204,0.0,1.0,1.0,0.0
1.0,0.4,0.2451527905652896,0.12397258612133455,0.5643658966920407,0.5070750653682783,0.75,0.0,1.0,1.0,0.0
0.49035111230233186,1.0,0.20102298785769257,0.4277733036140963,0.76068198074806,0.5070750653682783,0.75,1.0,0.0,1.0,0.0
0.49035111230233186,0.8,0.7288891655504167,0.868395639874311,0.010463172188290612,0.9445141156478944,0.0,1.0,0.0,0.0,1.0
0.019230769230769273,1.0,0.5777677176282086,0.7905310843444447,0.7057580279691696,0.07683971168797812,0.25,0.0,0.0,0.0,1.0
0.21153846153846156,0.6000000000000001,0.7042670549278619,0.4893469115847467,0.4982371328459459,0.7922410315885298,1.0,1.0,0.0,0.0,1.0
0.4423076923076924,0.6000000000000001,0.6764516896329156,0.6675728999568483,0.9893495841719557,0.566824573415219,1.0,0.0,1.0,0.0,1.0
0.17307692307692313,0.8,0.5836724516811624,0.5415142600968041,0.2667664345991876,0.8629795289662708,0.0,1.0,0.0,0.0,0.0
0.49035111230233186,0.4,0.27862740939298075,0.8063749809064936,0.5681958765162054,0.2206039644128003,0.75,0.0,1.0,1.0,0.0
0.8653846153846155,0.2,0.6166565692655329,0.38427538092557306,0.8844879147290661,0.8027043605630586,1.0,0.0,1.0,1.0,0.0
0.0,1.0,0.007696272590752284,0.3001610483639142,0.29780112682103216,0.39630940884719407,0.49753289473684204,0.0,1.0,1.0,0.0
0.4423076923076924,0.4,0.5835136285835496,0.39355607425611727,0.208343763371374,0.8335864074512708,0.0,0.0,0.0,0.0,1.0
0.17307692307692313,0.8,0.37539793650819886,0.4802501873844541,0.4982371328459459,0.7577847283969597,0.49753289473684204,1.0,0.0,0.0,1.0
0.49035111230233186,0.0,0.788724876670298,0.482740349046002,0.25836751639912175,0.5070750653682783,1.0,0.0,1.0,1.0,0.0
0.28846153846153855,0.4,0.6678626873400417,0.9504551159687948,0.6270843602851752,0.4950178207478668,0.25,0.0,0.0,0.0,0.0
0.05769230769230771,1.0,0.18074364103554658,0.2779561599551601,0.4482423727026277,0.7035775171170212,0.5,1.0,0.0,1.0,0.0
0.3653846153846154,0.2,0.49211032908398544,0.5879501043579753,0.5636033864143818,0.3742735819559765,0.5,0.0,0.0,0.0,0.0
0.7692307692307693,0.4,0.7440201156790369,0.3499449504142061,0.012912469841601682,0.3680789063782763,1.0,0.0,0.0,0.0,0.0
0.7115384615384616,1.0,0.3111194064525759,0.6374677195581254,0.21981623207241485,0.5070750653682783,0.75,1.0,0.0,0.0,0.0
0.23076923076923084,0.4,0.3388255613511945,0.4289508509345983,0.4982371328459459,0.8744392587179366,1.0,0.0,0.0,0.0,0.0
0.0961538461538462,1.0,0.5333052822424392,0.8591314475733551,0.4982371328459459,0.5190314292751435,0.25,0.0,1.0,1.0,0.0
0.6153846153846154,1.0,0.13435155752534078,0.07739296857701827,0.2788265816891395,0.8461402938380406,0.25,0.0,0.0,0.0,0.0
0.49035111230233186,0.8,0.03845272600274191,0.34299894142065424,0.04836875802565547,0.7648571878815866,0.25,0.0,0.0,0.0,0.0
0.8653846153846155,0.6000000000000001,0.021460412543988894,0.2530133474417896,0.6002524683889323,0.9964503005126074,0.0,1.0,0.0,0.0,1.0
0.15384615384615385,0.2,0.0729705487932206,0.8641768575947093,0.487306409076955,0.3810789109110503,0.75,1.0,0.0,0.0,0.0
0.8461538461538461,0.8,0.8833220131372311,0.3398321903233627,0.05611068461675642,0.751686156229143,0.49753289473684204,0.0,0.0,0.0,1.0
0.7500000000000001,1.0,0.6593225380203933,0.9833799844184349,0.9489465888027557,0.7523168430574786,0.5,0.0,0.0,1.0,0.0
0.730769230769231,1.0,0.9411561202319217,0.18462510566295673,0.31551684739975094,0.713383916008307,1.0,1.0,0.0,0.0,0.0
0.25,1.0,0.9032513833059675,0.42901620457481066,0.6733039246751964,0.5070750653682783,0.5,0.0,0.0,0.0,1.0
0.730769230769231,1.0,0.12626774533025975,0.21625018002669985,0.44179413218834573,0.8565665478318346,0.25,0.0,0.0,1.0,0.0
0.5384615384615385,0.8,0.4864381021461277,0.8430882358814877,0.303243429235855,0.7364414044643821,0.75,1.0,0.0,0.0,1.0
0.326923076923077,0.4,0.49281149377790534,0.3051889648804948,0.2584277609107909,0.10156203849653384,0.25,1.0,0.0,0.0,0.0
0.49035111230233186,0.2,0.5868004568117918,0.029620586795482812,0.16303548723623432,0.9201046305395347,0.0,0.0,1.0,0.0,0.0
0.7115384615384616,0.2,0.9925515342841741,0.14308764462131235,0.052548380881884155,0.991612557349119,0.25,0.0,0.0,0.0,1.0
1.0,1.0,0.81134237248527,0.4021109021036482,0.8598896640358521,0.9014128360460616,0.5,0.0,0.0,0.0,0.0
0.5192307692307693,1.0,0.7746470634240655,0.9121855112323445,0.5978517772122207,0.5070750653682783,0.75,0.0,1.0,0.0,0.0
0.49035111230233186,0.4,0.11950211103724728,0.44950966466650366,0.17189115496474397,0.5070750653682783,0.5,0.0,0.0,0.0,1.0
0.48076923076923084,0.8,0.14904580432629144,0.5753258554317403,0.4982371328459459,0.0732845193665456,1.0,1.0,0.0,0.0,1.0
0.49035111230233186,0.6000000000000001,0.07605079350185859,0.5380144168291564,0.4618791814339957,0.5070750653682783,0.0,0.0,0.0,1.0,0.0
0.5384615384615385,0.8,0.22068183759944626,0.7206137080190002,0.04489159983195166,0.3561760436258933,0.5,0.0,0.0,1.0,0.0
0.05769230769230771,1.0,0.8911954481021046,0.01151872989883979,0.5483847859847515,0.5070750653682783,0.25,1.0,0.0,1.0,0.0
0.0961538461538462,1.0,0.3037331220693652,0.2608861046434579,0.19908572487650963,0.7165878053903031,0.0,0.0,0.0,0.0,1.0
0.8846153846153847,0.8,0.49211032908398544,0.26359697522355297,0.7440045254655608,0.7070557334098051,0.75,0.0,0.0,0.0,1.0
0.13461538461538464,0.0,0.3186897649074777,0.47808529304868935,0.9984176414160119,0.5252036169466849,0.0,1.0,0.0,0.0,0.0
0.49035111230233186,0.8,0.4746573219488064,0.4947878011911207,0.04846399534286893,0.701143095406197,0.5,1.0,0.0,1.0,0.0
0.49035111230233186,0.4,0.3292919931059659,0.6893606015590904,0.4982371328459459,0.46320279742237985,0.5,0.0,0.0,1.0,0.0
0.49035111230233186,1.0,0.00552007034426838,0.4947878011911207,0.32199002423256046,0.5007853314939559,0.5,0.0,0.0,0.0,1.0
0.9423076923076924,1.0,0.32492800163861646,0.26805028306573075,0.21021733998486705,0.9138771344134915,1.0,1.0,0.0,1.0,0.0
0.8076923076923078,1.0,0.49211032908398544,0.7301782754610291,0.4982371328459459,0.230057149863331,0.0,0.0,0.0,0.0,1.0
0.49035111230233186,1.0,0.833579069803932,0.7184190326777935,0.4982371328459459,0.5070750653682783,0.5,0.0,0.0,1.0,0.0
0.1923076923076924,0.8,0.01133775624085917,0.5505730772682594,0.4640744932794469,0.5070750653682783,0.49753289473684204,0.0,1.0,0.0,1.0
0.07692307692307698,1.0,0.21864784774745122,0.41215592131220097,0.1893066987665344,0.56796302314175,0.25,0.0,0.0,0.0,1.0
0.1923076923076924,0.6000000000000001,0.4974151730036307,0.4582550043157338,0.56654606604915,0.2775262883162126,1.0,0.0,0.0,1.0,0.0
0.46153846153846156,0.6000000000000001,0.42704319628440457,0.19897262982830505,0.42773539009912687,0.10896917227012756,1.0,0.0,0.0,1.0,0.0
0.25,1.0,0.8633388178608826,0.5933540527345591,0.4982371328459459,0.6044127079739885,0.25,1.0,0.0,1.0,0.0
0.3076923076923077,1.0,0.9901343717806917,0.6245638994658682,0.4951394932453093,0.6159976305606042,0.49753289473684204,1.0,0.0,0.0,0.0
0.42307692307692313,0.6000000000000001,0.06278419623252102,0.3774428542857368,0.98832118936569,0.5538769279766264,0.0,0.0,1.0,0.0,1.0
0.49035111230233186,1.0,0.17880132533569792,0.06853765600302279,0.4982371328459459,0.5070750653682783,0.75,1.0,0.0,0.0,0.0
0.7500000000000001,0.6000000000000001,0.2535999163780789,0.04339789680432561,0.4378008749797684,0.07217237846226086,0.25,0.0,1.0,0.0,1.0
0.49035111230233186,1.0,0.32545853366807886,0.017931907785467837,0.7038504134237367,0.5070750653682783,0.5,1.0,0.0,0.0,0.0
0.980769230769231,0.0,0.5224012361365974,0.7361601684567343,0.6149472568650574,0.1717307590237791,0.5,0.0,1.0,0.0,0.0
0.28846153846153855,0.6000000000000001,0.11058211426837505,0.871880341845172,0.8052436027974997,0.08575882655106909,0.49753289473684204,0.0,0.0,0.0,0.0
0.25,1.0,0.3727705346206013,0.8293499128604814,0.3266918605569178,0.021510502574254912,0.49753289473684204,1.0,0.0,1.0,0.0
0.5000000000000001,0.6000000000000001,0.49211032908398544,0.39384414133366275,0.29429494595090194,0.3627315210873546,1.0,0.0,1.0,1.0,0.0
0.6538461538461539,0.2,0.21659490106751067,0.09645422494518696,0.9423632069612825,0.748239706718772,0.49753289473684204,0.0,1.0,0.0,0.0
0.5384615384615385,1.0,0.41467609480407797,0.31427290945937764,0.4766562533858802,0.32602652086199346,1.0,1.0,0.0,1.0,0.0
0.49035111230233186,1.0,0.8758377985405751,0.04961097976563926,0.4982371328459459,0.464823090481639,0.49753289473684204,0.0,1.0,0.0,0.0
0.9615384615384616,1.0,0.5070503580820737,0.48007778294363473,0.5419496681763255,0.2849138317581364,0.75,0.0,0.0,1.0,0.0
0.49035111230233186,0.2,0.6491172146284542,0.3788998929745432,0.4188527585503896,0.07020316106704731,0.49753289473684204,0.0,1.0,0.0,1.0
0.8846153846153847,0.8,0.6728427111070616,0.8787810958923598,0.3069431935772473,0.29666738947121996,0.0,1.0,0.0,1.0,0.0
0.49035111230233186,0.0,0.3250707588994194,0.6349537748818055,0.4982371328459459,0.9173802613539079,0.0,0.0,0.0,0.0,0.0
0.8653846153846155,0.2,0.706163694031791,0.09183993202093771,0.03958415585745255,0.21723947012155265,0.5,0.0,0.0,1.0,0.0
0.980769230769231,0.2,0.7072126137431888,0.173950365370964,0.29106059646369314,0.214254264408427,0.75,0.0,0.0,0.0,1.0
0.6153846153846154,0.6000000000000001,0.5515239640057829,0.9353732387191748,0.4982371328459459,0.9719231334956049,0.25,1.0,0.0,0.0,1.0
0.1923076923076924,0.6000000000000001,0.241374827025033,0.39264600778245623,0.4982371328459459,0.6173409670452342,0.5,1.0,0.0,1.0,0.0
0.49035111230233186,1.0,0.3927110889969784,0.956833588891845,0.6089326743593582,0.9231768248662465,0.0,0.0,1.0,1.0,0.0
0.49035111230233186,0.0,0.6505672437330509,0.6523413770468345,0.15792224916083256,0.7477444719246102,0.5,0.0,1.0,0.0,1.0
0.49035111230233186,0.6000000000000001,0.2217362945189611,0.4159202624655957,0.01534735334608319,0.5070750653682783,0.0,0.0,1.0,0.0,1.0
0.34615384615384615,0.4,0.9151160436407472,0.15567892516016835,0.4982371328459459,0.37870249553660473,0.75,1.0,0.0,1.0,0.0
0.7115384615384616,0.0,0.7104987941252753,0.0,0.27325180359333645,0.22233765582566947,0.25,0.0,0.0,0.0,0.0
0.49035111230233186,0.4,0.7314897491441259,0.3256878642594326,0.84661808891301,0.6719563692647591,0.49753289473684204,0.0,0.0,0.0,0.0
0.5576923076923077,0.4,0.49211032908398544,0.16825447817522002,0.4982371328459459,0.8580337308338126,0.5,1.0,0.0,1.0,0.0
0.3076923076923077,0.8,0.5313341536114126,0.8606957715256255,0.41183827793309413,0.5070750653682783,0.75,1.0,0.0,1.0,0.0
0.326923076923077,0.4,0.23295557266562006,0.8855523463993684,0.4982371328459459,0.17639754755287546,0.25,0.0,1.0,0.0,0.0
0.34615384615384615,0.2,0.18233216419272086,0.8439668612641403,0.20801411670728798,0.7232535458467937,0.5,0.0,1.0,0.0,1.0
0.0961538461538462,1.0,0.043269760691889425,0.8051582802021762,0.26116876328100236,0.21594614074507984,0.25,0.0,0.0,1.0,0.0
0.5000000000000001,0.8,0.4324723807118255,0.9290337271949164,0.14937821390822273,0.5070750653682783,0.25,0.0,0.0,0.0,1.0
0.6153846153846154,0.0,0.16221467711382132,0.05560904083154433,0.1776372228210114,0.5070750653682783,0.5,1.0,0.0,1.0,0.0
0.46153846153846156,1.0,0.40207674657041903,0.1310036536162894,0.7582208931713477,0.2509595386389824,0.0,1.0,0.0,1.0,0.0
0.7115384615384616,1.0,0.8527898633604966,0.8329577443741643,0.7958548260617896,0.9892320353955375,1.0,0.0,0.0,0.0,0.0
0.730769230769231,1.0,0.7412515374979606,0.10722728535487597,0.3089661270132414,0.5070750653682783,0.25,0.0,1.0,0.0,0.0
0.15384615384615385,0.8,0.33497903812142454,0.463245589213495,0.4982371328459459,0.5070750653682783,0.5,0.0,0.0,0.0,0.0
0.4423076923076924,0.6000000000000001,0.5680006330974532,0.024949880495707625,0.4982371328459459,0.6351132474848343,0.0,1.0,0.0,1.0,0.0
0.9615384615384616,0.0,0.7215204318123987,0.9878791851257974,0.514434407446923,0.5070750653682783,1.0,1.0,0.0,0.0,1.0
0.980769230769231,0.2,0.8348699259595977,0.47510067282119917,0.7186827103641827,0.37053858092359965,0.25,0.0,1.0,0.0,1.0
0.8461538461538461,0.2,0.5307535916166327,0.19009548394669368,0.9276056819591333,0.9591797076449052,0.75,0.0,0.0,1.0,0.0
0.6730769230769232,1.0,0.3922957636081761,0.42189031944599853,0.0025817996181391077,0.16431635099947287,1.0,1.0,0.0,1.0,0.0
0.8846153846153847,0.4,0.9671851009306799,0.27578270010238604,0.8622313632116743,0.9001037371521289,0.5,0.0,1.0,0.0,0.0
1.0,0.8,0.1068541186027478,0.17917292223063613,0.4982371328459459,0.615445883524811,1.0,0.0,0.0,1.0,0.0
0.49035111230233186,0.0,0.49211032908398544,0.12073920562142687,0.8621240467533412,0.6214458605782781,0.75,0.0,0.0,0.0,1.0
0.2692307692307693,1.0,0.6139112694963863,0.84492379749559,0.4982371328459459,0.5175293613621513,0.5,0.0,0.0,1.0,0.0
0.8076923076923078,0.0,0.42176921187451755,0.9266909177333049,0.919085712927338,0.7787315938230932,0.25,1.0,0.0,0.0,1.0
0.6538461538461539,0.6000000000000001,0.9672853627877372,0.6482419312205884,0.1627201846728128,0.06689760573829881,0.25,0.0,0.0,0.0,1.0
0.7884615384615384,0.0,0.7644939066712302,0.4947878011911207,0.4982371328459459,0.09073309639759615,0.49753289473684204,0.0,0.0,1.0,0.0
0.7115384615384616,1.0,0.4287309814334396,0.8253372710841274,0.7906072602329542,0.5070750653682783,0.5,0.0,0.0,0.0,1.0
0.49035111230233186,1.0,0.02421877222701721,0.3309089081477749,0.7386569322317666,0.28645145256036714,0.5,1.0,0.0,1.0,0.0
0.9615384615384616,1.0,0.5761729057024332,0.19725367787824719,0.4982371328459459,0.16996352154486352,1.0,0.0,0.0,0.0,1.0
0.49035111230233186,0.8,0.6482719205033717,0.8283160936748108,0.6658102887800892,0.5817322275403135,1.0,0.0,1.0,0.0,0.0
0.576923076923077,1.0,0.8870917611477792,0.2951013803007901,0.31689249551692594,0.5070750653682783,1.0,0.0,0.0,0.0,1.0
0.576923076923077,1.0,0.5797814464696626,0.434955189770883,0.6634286613106151,0.5070750653682783,0.75,1.0,0.0,1.0,0.0
0.730769230769231,0.4,0.9817789573483365,0.8960539627119328,0.4369929900616291,0.7252627028296125,0.25,0.0,0.0,1.0,0.0
0.48076923076923084,0.8,0.7938066992388847,0.15482349318776809,0.04883994548159895,0.750655418788439,0.49753289473684204,0.0,0.0,0.0,0.0
